INSERT INTO CUSTOMER VALUES ('5019890','carmine48@example.net','Alysha','DarkRed','477174896','Mayer');
INSERT INTO CUSTOMER VALUES ('5022987','ned49@example.net','Owen','Lime','133278890','Morissette');
INSERT INTO CUSTOMER VALUES ('5029085','ortiz.dee@example.org','Camron','Lavender','479788824','Waters');
INSERT INTO CUSTOMER VALUES ('5037659','feeney.berniece@example.org','Jefferey','LightSalmon','296732515','Bergstrom');
INSERT INTO CUSTOMER VALUES ('5048852','lchristiansen@example.net','Nola','GoldenRod','282303829','Schoen');
INSERT INTO CUSTOMER VALUES ('5073048','dibbert.ludwig@example.com','Adela','PaleGoldenRod','372299577','Abernathy');
INSERT INTO CUSTOMER VALUES ('5075376','kenya.feil@example.net','Roscoe','MistyRose','692673896','Bins');
INSERT INTO CUSTOMER VALUES ('5101465','shakira15@example.net','Porter','LavenderBlush','147280588','Kilback');
INSERT INTO CUSTOMER VALUES ('5103270','marisa76@example.org','Henriette','Blue','347591855','Flatley');
INSERT INTO CUSTOMER VALUES ('5118083','fkub@example.org','Veda','DeepPink','692109641','Ullrich');
INSERT INTO CUSTOMER VALUES ('5149217','brekke.thaddeus@example.org','Bella','DarkOliveGreen','237665620','Smitham');
INSERT INTO CUSTOMER VALUES ('5156992','zdonnelly@example.net','Chanelle','Salmon','651677890','Schneider');
INSERT INTO CUSTOMER VALUES ('5162061','vida51@example.net','Gwen','Lime','481225051','Cormier');
INSERT INTO CUSTOMER VALUES ('5167189','wprice@example.com','Carrie','White','563594054','Goyette');
INSERT INTO CUSTOMER VALUES ('5171534','laurie48@example.com','Willa','Snow','661937895','Bergnaum');
INSERT INTO CUSTOMER VALUES ('5191897','mollie62@example.com','Rachelle','LightCoral','187831181','Dooley');
INSERT INTO CUSTOMER VALUES ('5194541','smitham.lavon@example.net','Chanelle','DimGray','762029945','Harvey');
INSERT INTO CUSTOMER VALUES ('5234176','rosella.runte@example.com','Pierce','MediumVioletRed','418770002','Konopelski');
INSERT INTO CUSTOMER VALUES ('5234217','vbernier@example.org','Wanda','Salmon','355846467','Renner');
INSERT INTO CUSTOMER VALUES ('5235230','iborer@example.org','Felicity','Wheat','763452060','Thompson');
INSERT INTO CUSTOMER VALUES ('5235906','daniel.maybelle@example.org','Josiane','White','440752761','Yost');
INSERT INTO CUSTOMER VALUES ('5242407','nitzsche.deion@example.net','Jedidiah','LightBlue','599010467','Klein');
INSERT INTO CUSTOMER VALUES ('5247473','johnson.amelie@example.com','Felicia','MediumSpringGreen','627667080','Dickinson');
INSERT INTO CUSTOMER VALUES ('5269408','mina.heaney@example.com','Kyleigh','Aquamarine','448175961','Mertz');
INSERT INTO CUSTOMER VALUES ('5270945','von.meghan@example.com','Alta','FireBrick','482258771','Turner');
INSERT INTO CUSTOMER VALUES ('5280902','emil39@example.com','Sandra','GhostWhite','352349628','Roberts');
INSERT INTO CUSTOMER VALUES ('5284387','apadberg@example.org','Stewart','LightBlue','468994365','Beatty');
INSERT INTO CUSTOMER VALUES ('5327965','greenfelder.brooklyn@example.org','Camila','Crimson','967838562','Hirthe');
INSERT INTO CUSTOMER VALUES ('5341987','alyce.jast@example.com','Roosevelt','CadetBlue','276613470','Kuhic');
INSERT INTO CUSTOMER VALUES ('5349005','anais.rutherford@example.org','Augustus','MediumVioletRed','868939042','Emmerich');
INSERT INTO CUSTOMER VALUES ('5352077','anderson.cassandra@example.com','Nichole','Violet','405272380','Stracke');
INSERT INTO CUSTOMER VALUES ('5358846','hartmann.virginie@example.org','Jose','Tan','998291116','Bashirian');
INSERT INTO CUSTOMER VALUES ('5374070','glakin@example.com','Alia','DarkRed','606991160','Schulist');
INSERT INTO CUSTOMER VALUES ('5381679','colby.turcotte@example.com','Barney','DeepPink','797827453','Effertz');
INSERT INTO CUSTOMER VALUES ('5383603','jacobi.georgianna@example.com','Asia','BurlyWood','854087986','Cummerata');
INSERT INTO CUSTOMER VALUES ('5387144','ted21@example.org','Elda','Cyan','709564507','Swaniawski');
INSERT INTO CUSTOMER VALUES ('5390284','alberta.padberg@example.net','Ron','Linen','229037134','Koelpin');
INSERT INTO CUSTOMER VALUES ('5403386','boyer.diego@example.com','Dameon','Aqua','775293064','Halvorson');
INSERT INTO CUSTOMER VALUES ('5404534','forrest72@example.net','Gregorio','GoldenRod','122689026','Roberts');
INSERT INTO CUSTOMER VALUES ('5411867','carissa77@example.com','Eulah','HotPink','717197293','Littel');
INSERT INTO CUSTOMER VALUES ('5413948','tod.murazik@example.com','Jennifer','DarkSlateBlue','627571056','Reynolds');
INSERT INTO CUSTOMER VALUES ('5415013','medhurst.alanis@example.org','Abigayle','Maroon','792985557','Stark');
INSERT INTO CUSTOMER VALUES ('5418527','estehr@example.net','Sam','Brown','874629524','Ebert');
INSERT INTO CUSTOMER VALUES ('5418592','breana80@example.com','Vickie','CornflowerBlue','377358503','Brekke');
INSERT INTO CUSTOMER VALUES ('5420235','lupe.hauck@example.net','Mathilde','OliveDrab','302879235','Jast');
INSERT INTO CUSTOMER VALUES ('5427426','sigurd26@example.com','Hassan','Orchid','971960279','Haley');
INSERT INTO CUSTOMER VALUES ('5430442','mckenzie.gregoria@example.com','Henderson','Fuchsia','870242075','Bins');
INSERT INTO CUSTOMER VALUES ('5437320','agustin19@example.net','Missouri','Teal','848048818','Kreiger');
INSERT INTO CUSTOMER VALUES ('5457625','halle52@example.net','Kamron','Tan','371587946','Trantow');
INSERT INTO CUSTOMER VALUES ('5468334','mills.jillian@example.com','Marisa','SpringGreen','519088966','Borer');
INSERT INTO CUSTOMER VALUES ('5477794','prosacco.alden@example.net','Summer','SeaShell','959438173','Schoen');
INSERT INTO CUSTOMER VALUES ('5526897','ekreiger@example.org','Dixie','LightGoldenRodYellow','821458380','Schiller');
INSERT INTO CUSTOMER VALUES ('5535600','america01@example.org','Lilla','CornflowerBlue','841286009','DAmore');
INSERT INTO CUSTOMER VALUES ('5558855','mcdermott.hipolito@example.net','Lester','White','891958398','Steuber');
INSERT INTO CUSTOMER VALUES ('5559947','udonnelly@example.com','Mariah','Red','636373987','Yost');
INSERT INTO CUSTOMER VALUES ('5561811','skye.klein@example.org','Izaiah','DarkSlateGray','949515736','Goyette');
INSERT INTO CUSTOMER VALUES ('5569393','itzel64@example.com','Ivory','PaleTurquoise','898626151','Orn');
INSERT INTO CUSTOMER VALUES ('5572759','kris.beulah@example.org','Jaron','Lavender','884473088','Cronin');
INSERT INTO CUSTOMER VALUES ('5585548','hand.brennon@example.com','Laverna','Black','219735807','Stark');
INSERT INTO CUSTOMER VALUES ('5592206','haven45@example.com','Damaris','MediumBlue','414164188','Dooley');
INSERT INTO CUSTOMER VALUES ('5601998','idell72@example.net','Monserrat','Khaki','130052256','Keeling');
INSERT INTO CUSTOMER VALUES ('5643405','harmon.pollich@example.org','Danial','RosyBrown','786573558','Lindgren');
INSERT INTO CUSTOMER VALUES ('5653688','huel.jaylan@example.org','Aglae','LightBlue','608492256','Schuppe');
INSERT INTO CUSTOMER VALUES ('5656090','gina26@example.com','Willa','BurlyWood','162410467','Romaguera');
INSERT INTO CUSTOMER VALUES ('5676999','ybednar@example.com','Favian','LightGoldenRodYellow','261567273','Williamson');
INSERT INTO CUSTOMER VALUES ('5681428','hand.maybelle@example.net','Brendon','DarkGoldenRod','599550335','Ernser');
INSERT INTO CUSTOMER VALUES ('5683989','kimberly.okuneva@example.org','Cecelia','SaddleBrown','540545987','Hamill');
INSERT INTO CUSTOMER VALUES ('5697115','duncan74@example.net','Ivah','AntiqueWhite','481678562','Gleichner');
INSERT INTO CUSTOMER VALUES ('5699052','murray.wellington@example.org','Deanna','Red','587388769','Rau');
INSERT INTO CUSTOMER VALUES ('5720344','buster.hartmann@example.org','Hanna','DarkSlateBlue','674268446','Medhurst');
INSERT INTO CUSTOMER VALUES ('5720348','cfisher@example.net','Rozella','HoneyDew','870612024','Waters');
INSERT INTO CUSTOMER VALUES ('5728053','cristian.pagac@example.net','Raymundo','Tomato','126864990','Pfeffer');
INSERT INTO CUSTOMER VALUES ('5733659','xkirlin@example.org','Donald','PeachPuff','406259312','Smith');
INSERT INTO CUSTOMER VALUES ('5737924','jenifer.boyle@example.org','Stefanie','PowderBlue','181194647','Hickle');
INSERT INTO CUSTOMER VALUES ('5754786','windler.scarlett@example.com','Golda','MediumPurple','593744342','Macejkovic');
INSERT INTO CUSTOMER VALUES ('5756850','kuvalis.waino@example.org','Ara','Thistle','654244306','Jones');
INSERT INTO CUSTOMER VALUES ('5767128','richard.cormier@example.org','Anika','DarkGray','482222882','Hermann');
INSERT INTO CUSTOMER VALUES ('5775083','emmanuel73@example.net','Rey','Purple','433873324','Schaden');
INSERT INTO CUSTOMER VALUES ('5784548','jazmin.lindgren@example.org','Palma','SkyBlue','187119607','Wilderman');
INSERT INTO CUSTOMER VALUES ('5785900','anderson.anthony@example.net','Litzy','LightSeaGreen','528995260','Veum');
INSERT INTO CUSTOMER VALUES ('5792284','smitchell@example.com','Katheryn','SeaGreen','841121573','Huel');
INSERT INTO CUSTOMER VALUES ('5812021','doug.kunze@example.com','Jeanne','Plum','834253301','Romaguera');
INSERT INTO CUSTOMER VALUES ('5813688','zpagac@example.net','Jimmy','SeaShell','897183273','Bosco');
INSERT INTO CUSTOMER VALUES ('5822119','annette34@example.net','Beth','FloralWhite','511041100','Dietrich');
INSERT INTO CUSTOMER VALUES ('5823690','kohara@example.org','Sydni','IndianRed ','459933568','Skiles');
INSERT INTO CUSTOMER VALUES ('5846816','vern27@example.org','Edyth','Turquoise','990825673','Lockman');
INSERT INTO CUSTOMER VALUES ('5856750','suzanne.miller@example.org','Mortimer','DarkMagenta','682768475','Effertz');
INSERT INTO CUSTOMER VALUES ('5882451','serenity58@example.net','Connie','LemonChiffon','332020857','Hudson');
INSERT INTO CUSTOMER VALUES ('5886331','kunze.trinity@example.com','Jaylin','DeepPink','332517324','Harris');
INSERT INTO CUSTOMER VALUES ('5896227','destiney.hahn@example.net','Norberto','Azure','434308392','Dare');
INSERT INTO CUSTOMER VALUES ('5923256','gleichner.maeve@example.org','Briana','Snow','998534412','Rath');
INSERT INTO CUSTOMER VALUES ('5925479','kutch.jayda@example.com','Gage','MediumPurple','641136610','Bergstrom');
INSERT INTO CUSTOMER VALUES ('5940808','mueller.rebecca@example.net','Margaret','RoyalBlue','958278838','Price');
INSERT INTO CUSTOMER VALUES ('5941683','ralph.kling@example.net','Alfreda','DarkGray','937904746','Brekke');
INSERT INTO CUSTOMER VALUES ('5951624','carroll.carlotta@example.com','Janie','Aqua','280937073','Klocko');
INSERT INTO CUSTOMER VALUES ('5956548','daisha71@example.net','Reina','LightCyan','109148425','Olson');
INSERT INTO CUSTOMER VALUES ('5996709','gage63@example.com','Jarvis','MediumAquaMarine','452540593','Walsh');
INSERT INTO CUSTOMER VALUES ('5998455','hrutherford@example.net','Weldon','DimGrey','960692371','Schultz');
INSERT INTO CUSTOMER VALUES ('5999878','littel.abdul@example.net','Davion','ForestGreen','791439003','Wolff');
INSERT INTO CUSTOMER VALUES ('5003363','pacocha.porter@example.com','Maynard','Khaki','735850615','Bergstrom');


INSERT INTO ACCOUNT VALUES ('100009275','13150.01','121914.30','0');
INSERT INTO ACCOUNT VALUES ('100006014','10287.42','129731.07','0');
INSERT INTO ACCOUNT VALUES ('100002614','13345.19','130138.35','0');
INSERT INTO ACCOUNT VALUES ('100002091','11772.20','137196.99','1');
INSERT INTO ACCOUNT VALUES ('100006787','12608.67','106358.67','1');
INSERT INTO ACCOUNT VALUES ('100009706','13367.07','120127.05','1');
INSERT INTO ACCOUNT VALUES ('100004152','10550.92','143879.09','1');
INSERT INTO ACCOUNT VALUES ('100003679','12511.60','116710.74','0');
INSERT INTO ACCOUNT VALUES ('100001170','14604.41','148455.96','0');
INSERT INTO ACCOUNT VALUES ('100006032','12362.28','132546.63','0');
INSERT INTO ACCOUNT VALUES ('100006558','13764.96','116405.73','0');
INSERT INTO ACCOUNT VALUES ('100004937','10154.32','115958.40','1');
INSERT INTO ACCOUNT VALUES ('100009227','12467.77','144389.54','1');
INSERT INTO ACCOUNT VALUES ('100006635','11408.50','113698.27','1');
INSERT INTO ACCOUNT VALUES ('100004965','13856.00','112782.33','0');
INSERT INTO ACCOUNT VALUES ('100002560','10020.18','110222.29','0');
INSERT INTO ACCOUNT VALUES ('100005308','14061.90','128575.65','0');
INSERT INTO ACCOUNT VALUES ('100008822','10750.18','128028.55','0');
INSERT INTO ACCOUNT VALUES ('100003940','12009.31','145913.78','1');
INSERT INTO ACCOUNT VALUES ('100006935','14606.10','102005.80','0');
INSERT INTO ACCOUNT VALUES ('100002830','12803.39','133254.76','1');
INSERT INTO ACCOUNT VALUES ('100004228','14314.82','112047.57','1');
INSERT INTO ACCOUNT VALUES ('100001859','10603.90','132867.71','0');
INSERT INTO ACCOUNT VALUES ('100007000','10188.15','113923.67','1');
INSERT INTO ACCOUNT VALUES ('100008061','12903.81','136845.87','1');
INSERT INTO ACCOUNT VALUES ('100009233','11497.02','106449.47','1');
INSERT INTO ACCOUNT VALUES ('100004782','14995.31','136114.00','0');
INSERT INTO ACCOUNT VALUES ('100009504','11794.27','126622.92','1');
INSERT INTO ACCOUNT VALUES ('100006481','14703.46','105853.68','0');
INSERT INTO ACCOUNT VALUES ('100005762','10014.29','107817.00','0');
INSERT INTO ACCOUNT VALUES ('100002225','14000.12','145373.23','1');
INSERT INTO ACCOUNT VALUES ('100003819','11794.84','116918.05','0');
INSERT INTO ACCOUNT VALUES ('100001580','13175.39','149629.40','1');
INSERT INTO ACCOUNT VALUES ('100009387','13992.36','121592.81','1');
INSERT INTO ACCOUNT VALUES ('100008150','12010.60','141564.87','1');
INSERT INTO ACCOUNT VALUES ('100001853','14436.61','125587.49','0');
INSERT INTO ACCOUNT VALUES ('100007344','14368.15','104659.00','1');
INSERT INTO ACCOUNT VALUES ('100002739','11269.58','108774.70','1');
INSERT INTO ACCOUNT VALUES ('100000914','10798.87','133537.00','0');
INSERT INTO ACCOUNT VALUES ('100004773','13858.05','118478.13','1');
INSERT INTO ACCOUNT VALUES ('100006486','12376.03','120100.00','0');
INSERT INTO ACCOUNT VALUES ('100008747','12543.91','103854.00','1');
INSERT INTO ACCOUNT VALUES ('100000616','11695.09','107406.58','1');
INSERT INTO ACCOUNT VALUES ('100005833','10351.07','117273.74','0');
INSERT INTO ACCOUNT VALUES ('100003055','11611.18','109382.56','1');
INSERT INTO ACCOUNT VALUES ('100000021','14710.41','146590.70','1');
INSERT INTO ACCOUNT VALUES ('100004607','11671.68','126018.79','1');
INSERT INTO ACCOUNT VALUES ('100009613','10500.36','137450.00','0');
INSERT INTO ACCOUNT VALUES ('100001842','12923.37','140612.20','0');
INSERT INTO ACCOUNT VALUES ('100007139','12220.83','132627.33','0');
INSERT INTO ACCOUNT VALUES ('100006354','14335.07','149724.14','1');
INSERT INTO ACCOUNT VALUES ('100000233','13684.00','116902.00','0');
INSERT INTO ACCOUNT VALUES ('100001188','10527.69','106056.00','0');
INSERT INTO ACCOUNT VALUES ('100007209','11336.50','121330.80','0');
INSERT INTO ACCOUNT VALUES ('100001012','12982.81','138019.77','1');
INSERT INTO ACCOUNT VALUES ('100008991','10775.30','134963.06','1');
INSERT INTO ACCOUNT VALUES ('100007965','12989.50','109839.30','0');
INSERT INTO ACCOUNT VALUES ('100000167','10179.60','146625.49','0');
INSERT INTO ACCOUNT VALUES ('100000095','11238.00','112843.70','0');
INSERT INTO ACCOUNT VALUES ('100000005','11548.88','121496.01','1');
INSERT INTO ACCOUNT VALUES ('100003479','11363.24','108882.00','0');
INSERT INTO ACCOUNT VALUES ('100001671','13354.90','132982.10','1');
INSERT INTO ACCOUNT VALUES ('100005734','12986.00','148823.10','0');
INSERT INTO ACCOUNT VALUES ('100002827','12003.36','129840.56','1');
INSERT INTO ACCOUNT VALUES ('100009221','13752.85','112333.61','1');
INSERT INTO ACCOUNT VALUES ('100007077','12470.99','115469.53','1');
INSERT INTO ACCOUNT VALUES ('100000272','11246.00','122289.00','0');
INSERT INTO ACCOUNT VALUES ('100004094','13850.06','141571.00','0');
INSERT INTO ACCOUNT VALUES ('100006015','10803.87','136203.30','1');
INSERT INTO ACCOUNT VALUES ('100003847','10351.21','119680.87','1');
INSERT INTO ACCOUNT VALUES ('100006284','13370.20','115665.37','0');
INSERT INTO ACCOUNT VALUES ('100004419','10620.05','105625.00','1');
INSERT INTO ACCOUNT VALUES ('100004588','14167.87','118073.57','1');
INSERT INTO ACCOUNT VALUES ('100002431','13847.66','116577.85','1');
INSERT INTO ACCOUNT VALUES ('100006841','11636.11','148055.45','0');
INSERT INTO ACCOUNT VALUES ('100009728','13140.29','148437.09','1');
INSERT INTO ACCOUNT VALUES ('100007688','10997.19','110481.15','1');
INSERT INTO ACCOUNT VALUES ('100002898','12629.28','103131.48','1');
INSERT INTO ACCOUNT VALUES ('100007766','12963.00','115149.06','1');
INSERT INTO ACCOUNT VALUES ('100001070','13062.48','136923.00','1');
INSERT INTO ACCOUNT VALUES ('100004985','13418.68','142478.32','0');
INSERT INTO ACCOUNT VALUES ('100001408','11083.50','132462.52','0');
INSERT INTO ACCOUNT VALUES ('100009587','10082.10','114634.00','0');
INSERT INTO ACCOUNT VALUES ('100006918','14609.22','143014.19','0');
INSERT INTO ACCOUNT VALUES ('100003865','14295.62','113972.26','1');
INSERT INTO ACCOUNT VALUES ('100000243','12240.97','128193.01','0');
INSERT INTO ACCOUNT VALUES ('100003962','12592.02','146466.95','1');
INSERT INTO ACCOUNT VALUES ('100005208','10234.39','133269.21','0');
INSERT INTO ACCOUNT VALUES ('100006646','14446.00','147733.53','0');
INSERT INTO ACCOUNT VALUES ('100004747','12323.70','117278.50','0');
INSERT INTO ACCOUNT VALUES ('100004759','13294.80','114432.27','0');
INSERT INTO ACCOUNT VALUES ('100005901','14503.00','129490.06','0');
INSERT INTO ACCOUNT VALUES ('100003511','13276.00','123586.17','0');
INSERT INTO ACCOUNT VALUES ('100005521','11140.68','137574.99','1');
INSERT INTO ACCOUNT VALUES ('100000468','11571.40','124458.41','1');
INSERT INTO ACCOUNT VALUES ('100002396','11162.35','106981.76','0');
INSERT INTO ACCOUNT VALUES ('100000434','12889.50','113624.10','0');
INSERT INTO ACCOUNT VALUES ('100000840','12550.28','125534.23','1');
INSERT INTO ACCOUNT VALUES ('100001785','13525.00','108571.00','0');
INSERT INTO ACCOUNT VALUES ('100008774','10245.56','141246.91','1');

INSERT INTO CUSTOMER_ACCOUNTS VALUES ('5019890', '100009275');
INSERT INTO CUSTOMER_ACCOUNTS VALUES ('5022987', '100006014');
INSERT INTO CUSTOMER_ACCOUNTS VALUES ('5029085', '100002614');
INSERT INTO CUSTOMER_ACCOUNTS VALUES ('5037659', '100002091');
INSERT INTO CUSTOMER_ACCOUNTS VALUES ('5048852', '100006787');
INSERT INTO CUSTOMER_ACCOUNTS VALUES ('5073048', '100009706');
INSERT INTO CUSTOMER_ACCOUNTS VALUES ('5075376', '100004152');
INSERT INTO CUSTOMER_ACCOUNTS VALUES ('5101465', '100003679');
INSERT INTO CUSTOMER_ACCOUNTS VALUES ('5103270', '100001170');
INSERT INTO CUSTOMER_ACCOUNTS VALUES ('5118083', '100006032');
INSERT INTO CUSTOMER_ACCOUNTS VALUES ('5149217', '100006558');
INSERT INTO CUSTOMER_ACCOUNTS VALUES ('5156992', '100004937');
INSERT INTO CUSTOMER_ACCOUNTS VALUES ('5162061', '100009227');
INSERT INTO CUSTOMER_ACCOUNTS VALUES ('5167189', '100006635');
INSERT INTO CUSTOMER_ACCOUNTS VALUES ('5171534', '100004965');
INSERT INTO CUSTOMER_ACCOUNTS VALUES ('5191897', '100002560');
INSERT INTO CUSTOMER_ACCOUNTS VALUES ('5194541', '100005308');
INSERT INTO CUSTOMER_ACCOUNTS VALUES ('5234176', '100008822');
INSERT INTO CUSTOMER_ACCOUNTS VALUES ('5234217', '100003940');
INSERT INTO CUSTOMER_ACCOUNTS VALUES ('5235230', '100006935');
INSERT INTO CUSTOMER_ACCOUNTS VALUES ('5235906', '100002830');
INSERT INTO CUSTOMER_ACCOUNTS VALUES ('5242407', '100004228');
INSERT INTO CUSTOMER_ACCOUNTS VALUES ('5247473', '100001859');
INSERT INTO CUSTOMER_ACCOUNTS VALUES ('5269408', '100007000');
INSERT INTO CUSTOMER_ACCOUNTS VALUES ('5270945', '100008061');
INSERT INTO CUSTOMER_ACCOUNTS VALUES ('5280902', '100009233');
INSERT INTO CUSTOMER_ACCOUNTS VALUES ('5284387', '100004782');
INSERT INTO CUSTOMER_ACCOUNTS VALUES ('5327965', '100009504');
INSERT INTO CUSTOMER_ACCOUNTS VALUES ('5341987', '100006481');
INSERT INTO CUSTOMER_ACCOUNTS VALUES ('5349005', '100005762');
INSERT INTO CUSTOMER_ACCOUNTS VALUES ('5352077', '100002225');
INSERT INTO CUSTOMER_ACCOUNTS VALUES ('5358846', '100003819');
INSERT INTO CUSTOMER_ACCOUNTS VALUES ('5374070', '100001580');
INSERT INTO CUSTOMER_ACCOUNTS VALUES ('5381679', '100009387');
INSERT INTO CUSTOMER_ACCOUNTS VALUES ('5383603', '100008150');
INSERT INTO CUSTOMER_ACCOUNTS VALUES ('5387144', '100001853');
INSERT INTO CUSTOMER_ACCOUNTS VALUES ('5390284', '100007344');
INSERT INTO CUSTOMER_ACCOUNTS VALUES ('5403386', '100002739');
INSERT INTO CUSTOMER_ACCOUNTS VALUES ('5404534', '100000914');
INSERT INTO CUSTOMER_ACCOUNTS VALUES ('5411867', '100004773');
INSERT INTO CUSTOMER_ACCOUNTS VALUES ('5413948', '100006486');
INSERT INTO CUSTOMER_ACCOUNTS VALUES ('5415013', '100008747');
INSERT INTO CUSTOMER_ACCOUNTS VALUES ('5418527', '100000616');
INSERT INTO CUSTOMER_ACCOUNTS VALUES ('5418592', '100005833');
INSERT INTO CUSTOMER_ACCOUNTS VALUES ('5420235', '100003055');
INSERT INTO CUSTOMER_ACCOUNTS VALUES ('5427426', '100000021');
INSERT INTO CUSTOMER_ACCOUNTS VALUES ('5430442', '100004607');
INSERT INTO CUSTOMER_ACCOUNTS VALUES ('5437320', '100009613');
INSERT INTO CUSTOMER_ACCOUNTS VALUES ('5457625', '100001842');
INSERT INTO CUSTOMER_ACCOUNTS VALUES ('5468334', '100007139');
INSERT INTO CUSTOMER_ACCOUNTS VALUES ('5477794', '100006354');
INSERT INTO CUSTOMER_ACCOUNTS VALUES ('5526897', '100000233');
INSERT INTO CUSTOMER_ACCOUNTS VALUES ('5535600', '100001188');
INSERT INTO CUSTOMER_ACCOUNTS VALUES ('5558855', '100007209');
INSERT INTO CUSTOMER_ACCOUNTS VALUES ('5559947', '100001012');
INSERT INTO CUSTOMER_ACCOUNTS VALUES ('5561811', '100008991');
INSERT INTO CUSTOMER_ACCOUNTS VALUES ('5569393', '100007965');
INSERT INTO CUSTOMER_ACCOUNTS VALUES ('5572759', '100000167');
INSERT INTO CUSTOMER_ACCOUNTS VALUES ('5585548', '100000095');
INSERT INTO CUSTOMER_ACCOUNTS VALUES ('5592206', '100000005');
INSERT INTO CUSTOMER_ACCOUNTS VALUES ('5601998', '100003479');
INSERT INTO CUSTOMER_ACCOUNTS VALUES ('5643405', '100001671');
INSERT INTO CUSTOMER_ACCOUNTS VALUES ('5653688', '100005734');
INSERT INTO CUSTOMER_ACCOUNTS VALUES ('5656090', '100002827');
INSERT INTO CUSTOMER_ACCOUNTS VALUES ('5676999', '100009221');
INSERT INTO CUSTOMER_ACCOUNTS VALUES ('5681428', '100007077');
INSERT INTO CUSTOMER_ACCOUNTS VALUES ('5683989', '100000272');
INSERT INTO CUSTOMER_ACCOUNTS VALUES ('5697115', '100004094');
INSERT INTO CUSTOMER_ACCOUNTS VALUES ('5699052', '100006015');
INSERT INTO CUSTOMER_ACCOUNTS VALUES ('5720344', '100003847');
INSERT INTO CUSTOMER_ACCOUNTS VALUES ('5720348', '100006284');
INSERT INTO CUSTOMER_ACCOUNTS VALUES ('5728053', '100004419');
INSERT INTO CUSTOMER_ACCOUNTS VALUES ('5733659', '100004588');
INSERT INTO CUSTOMER_ACCOUNTS VALUES ('5737924', '100002431');
INSERT INTO CUSTOMER_ACCOUNTS VALUES ('5754786', '100006841');
INSERT INTO CUSTOMER_ACCOUNTS VALUES ('5756850', '100009728');
INSERT INTO CUSTOMER_ACCOUNTS VALUES ('5767128', '100007688');
INSERT INTO CUSTOMER_ACCOUNTS VALUES ('5775083', '100002898');
INSERT INTO CUSTOMER_ACCOUNTS VALUES ('5784548', '100007766');
INSERT INTO CUSTOMER_ACCOUNTS VALUES ('5785900', '100001070');
INSERT INTO CUSTOMER_ACCOUNTS VALUES ('5792284', '100004985');
INSERT INTO CUSTOMER_ACCOUNTS VALUES ('5812021', '100001408');
INSERT INTO CUSTOMER_ACCOUNTS VALUES ('5813688', '100009587');
INSERT INTO CUSTOMER_ACCOUNTS VALUES ('5822119', '100006918');
INSERT INTO CUSTOMER_ACCOUNTS VALUES ('5823690', '100003865');
INSERT INTO CUSTOMER_ACCOUNTS VALUES ('5846816', '100000243');
INSERT INTO CUSTOMER_ACCOUNTS VALUES ('5856750', '100003962');
INSERT INTO CUSTOMER_ACCOUNTS VALUES ('5882451', '100005208');
INSERT INTO CUSTOMER_ACCOUNTS VALUES ('5886331', '100006646');
INSERT INTO CUSTOMER_ACCOUNTS VALUES ('5896227', '100004747');
INSERT INTO CUSTOMER_ACCOUNTS VALUES ('5923256', '100004759');
INSERT INTO CUSTOMER_ACCOUNTS VALUES ('5925479', '100005901');
INSERT INTO CUSTOMER_ACCOUNTS VALUES ('5940808', '100003511');
INSERT INTO CUSTOMER_ACCOUNTS VALUES ('5941683', '100005521');
INSERT INTO CUSTOMER_ACCOUNTS VALUES ('5951624', '100000468');
INSERT INTO CUSTOMER_ACCOUNTS VALUES ('5956548', '100002396');
INSERT INTO CUSTOMER_ACCOUNTS VALUES ('5996709', '100000434');
INSERT INTO CUSTOMER_ACCOUNTS VALUES ('5998455', '100000840');
INSERT INTO CUSTOMER_ACCOUNTS VALUES ('5999878', '100001785');
INSERT INTO CUSTOMER_ACCOUNTS VALUES ('5003363', '100008774');

INSERT INTO TRANSACTION VALUES ('dbd3de97-0b74-30e2-9f7a-746ab3b245f7','17871.09','1993-03-03','1988-04-27','100009275','88450.72','0','100007000','0.00');
INSERT INTO TRANSACTION VALUES ('4ba42221-ea30-3b4d-b483-dc94b9d9a53a','10746.65','1973-01-27','2004-09-11','100006014','84484.20','1','100009221','29685022.48');
INSERT INTO TRANSACTION VALUES ('12379bd0-87dc-3185-af72-6154adf62b7d','60004.73','1988-02-06','2008-05-02','100002614','50317.34','0','100005833','0.00');
INSERT INTO TRANSACTION VALUES ('fffe1285-e360-3f7f-b0d5-c9799014c435','14174.30','2009-01-12','1981-11-29','100002091','93104.00','0','100003479','3058650.36');
INSERT INTO TRANSACTION VALUES ('92baf63c-e4f6-3533-a6f2-b448607895fb','14952.02','1973-10-12','2011-06-17','100006787','11329.30','0','100009387','2771.48');
INSERT INTO TRANSACTION VALUES ('b8461d68-5d69-3d24-8c86-4f5113e84914','77309.88','2012-06-18','1990-09-24','100009706','35497.34','1','100006646','99999999.99');
INSERT INTO TRANSACTION VALUES ('324026d2-1d39-3619-8c15-894d01e1a2a2','82750.31','1997-10-12','1985-08-15','100004152','41855.59','1','100002091','23379945.00');
INSERT INTO TRANSACTION VALUES ('97ba3c2e-384b-3be1-8e12-559c125ca976','10945.64','1991-06-03','1977-10-13','100003679','93359.08','1','100004228','4703388.10');
INSERT INTO TRANSACTION VALUES ('fe801bb7-a461-360e-b98c-1a105a10f900','18600.65','1988-05-16','1970-04-13','100001170','13329.68','1','100006014','227.00');
INSERT INTO TRANSACTION VALUES ('187a6c66-e57d-3558-b41f-8863ba1563ff','17964.18','1989-09-11','1990-03-27','100006032','88491.92','1','100001188','2359867.77');
INSERT INTO TRANSACTION VALUES ('1e61bf3a-e81d-348c-98b0-edeb5dbdab70','60003.00','1983-02-20','2004-05-15','100006558','74223.00','1','100008991','1897657.18');
INSERT INTO TRANSACTION VALUES ('207e9e9e-36e5-3b36-a0e5-039258681397','60506.26','1970-04-02','1971-08-25','100004937','86901.70','1','100000468','12603.53');
INSERT INTO TRANSACTION VALUES ('036e7971-e0ac-315a-a147-39b9e3c48f53','34203.36','1990-05-01','1980-08-26','100009227','65588.99','0','100005521','35062364.79');
INSERT INTO TRANSACTION VALUES ('e8fb3ede-ff6b-3923-aa6e-d60d630db8c1','18191.00','1998-12-16','1988-09-21','100006635','43532.72','0','100002614','164.00');
INSERT INTO TRANSACTION VALUES ('da731eb8-dd74-3f44-9d34-ce27843cbdf7','91088.40','1970-02-08','1976-05-04','100004965','45525.42','1','100001580','7323617.90');
INSERT INTO TRANSACTION VALUES ('6e7784fc-06d5-36b0-a560-8d50055163bf','87054.89','1991-09-02','1999-09-08','100002560','42694.93','1','100002560','4911.15');
INSERT INTO TRANSACTION VALUES ('3a13bbd5-7a70-35ec-903d-4bae0b6e3222','42033.00','2000-02-22','1996-03-01','100005308','28184.91','1','100007139','0.46');
INSERT INTO TRANSACTION VALUES ('8293ef27-ff5e-3acd-abe9-15ca53f9eafc','11027.85','2001-07-29','2015-09-17','100008822','25206.00','0','100009613','34.68');
INSERT INTO TRANSACTION VALUES ('c4e2ab21-4bef-3d88-935a-763885c13ec0','16517.42','1970-08-11','2017-08-18','100003940','84243.00','1','100005734','1039867.80');
INSERT INTO TRANSACTION VALUES ('2f5d15d1-1781-3675-bdcc-d57d141c8043','12217.49','2006-02-20','2002-06-28','100006935','63950.36','1','100003819','7178.47');
INSERT INTO TRANSACTION VALUES ('02c5a3fd-960d-329d-9108-bf2071a2979f','52600.84','1972-08-09','1974-10-12','100002830','77553.17','1','100005762','99999999.99');
INSERT INTO TRANSACTION VALUES ('832aac25-7610-3739-aadf-ddb397cae90d','21902.10','1983-02-19','1994-03-31','100004228','52984.00','1','100004965','65.64');
INSERT INTO TRANSACTION VALUES ('95bca9fe-e637-3707-a84e-a20f11a89899','16725.00','1979-08-22','1972-12-07','100001859','98779.36','1','100004419','38010769.17');
INSERT INTO TRANSACTION VALUES ('817ecc66-8c5c-36fd-bb9d-a5f7fa5b9746','78300.00','1978-02-11','1999-09-23','100007000','80013.74','1','100009275','4.05');
INSERT INTO TRANSACTION VALUES ('4e75bab8-5fc0-39ae-8bc7-5a233a8eb758','14027.73','2015-03-11','2013-12-05','100008061','22122.50','1','100009728','87.63');
INSERT INTO TRANSACTION VALUES ('61178d1a-0739-34ad-b4eb-bee2f98157f2','18440.99','2009-08-17','2004-07-30','100009233','80832.66','0','100001842','402.43');
INSERT INTO TRANSACTION VALUES ('e477862a-2336-39b3-a3be-66bfaa7d0cad','19454.35','1975-07-16','1980-03-30','100004782','87659.95','0','100000233','18.06');
INSERT INTO TRANSACTION VALUES ('09d5414a-db51-32f6-b966-c2c05c57abe8','61760.00','2013-07-26','1993-01-21','100009504','73288.60','1','100001859','288620.30');
INSERT INTO TRANSACTION VALUES ('9678388f-a860-306f-b4bb-561989fccb2c','10359.92','1985-10-09','1986-04-29','100006481','30879.00','0','100004094','99999999.99');
INSERT INTO TRANSACTION VALUES ('d722f908-a01e-32d3-a693-a2a5a270e654','14363.73','1994-01-23','2007-03-27','100005762','76093.58','0','100000095','4053237.91');
INSERT INTO TRANSACTION VALUES ('1c2a8619-8639-3225-9cf1-a29006d1721c','14105.12','1992-10-05','1991-12-29','100002225','66519.61','0','100009706','0.00');
INSERT INTO TRANSACTION VALUES ('2474431d-2da8-3640-a9ff-50eedb891cc4','39306.84','1993-09-16','2013-02-15','100003819','10785.73','1','100001853','55056.95');
INSERT INTO TRANSACTION VALUES ('ccbc7d4e-06a6-3fe9-bde6-f6a816b3282f','68304.47','2019-03-24','1977-02-06','100001580','87932.00','1','100000840','75372.76');
INSERT INTO TRANSACTION VALUES ('db768e27-d0ac-3c97-8e17-cac4d5cfd4fb','67109.94','1978-07-09','2005-12-12','100009387','78759.30','0','100000243','98.18');
INSERT INTO TRANSACTION VALUES ('47a618ac-cbbe-3e27-a923-a0b6f9835ef2','54908.38','1996-08-25','1999-11-06','100008150','17795.80','1','100004985','1.18');
INSERT INTO TRANSACTION VALUES ('4b1dc0b4-f7fe-3073-8a35-6721b52621eb','13335.20','2008-09-18','2008-08-05','100001853','70792.66','1','100003962','1.21');
INSERT INTO TRANSACTION VALUES ('7da34af0-5729-32e1-9aa4-041f5cf17948','16962.90','1987-10-05','1972-03-06','100007344','14634.79','0','100002396','0.00');
INSERT INTO TRANSACTION VALUES ('472c0d2b-0e21-32f0-9e8a-bb83580f8085','11938.60','1975-07-09','2006-08-15','100002739','76133.57','1','100000021','8645930.11');
INSERT INTO TRANSACTION VALUES ('57dc2bcb-84e8-3908-9bc4-80a5373c0ca4','12848.74','1982-10-27','1985-02-06','100000914','22685.00','1','100008822','203034.24');
INSERT INTO TRANSACTION VALUES ('61c15855-9142-34ec-a6ab-3e340992aaf5','10265.53','1991-01-09','2018-12-14','100004773','21598.55','1','100006284','99999999.99');
INSERT INTO TRANSACTION VALUES ('a1d434b4-f7d2-3735-8c94-4f8cbcc6d951','10014.98','1973-06-18','1981-05-14','100006486','69078.25','1','100009233','496543.01');
INSERT INTO TRANSACTION VALUES ('fa165e80-752d-3553-aca8-23a7c01b8370','54047.00','1975-07-20','2009-08-16','100008747','74383.82','0','100003847','2798.54');
INSERT INTO TRANSACTION VALUES ('f8d13a63-d45f-334c-b284-2d8812ffee35','29307.72','1985-01-25','1982-02-02','100000616','32704.44','1','100004937','6398268.00');
INSERT INTO TRANSACTION VALUES ('c868e00c-39a7-3572-9e78-d31b2f8bd870','70490.63','1970-12-19','2004-05-27','100005833','17398.21','1','100000005','390.28');
INSERT INTO TRANSACTION VALUES ('a6549fd2-a172-34bb-9d9e-6f2bc7b2a8e1','16178.94','1978-07-17','2009-10-15','100003055','69619.00','1','100004782','2.67');
INSERT INTO TRANSACTION VALUES ('e3450863-6c05-3658-a0c5-33a14f8dd66b','80000.54','2007-08-10','2009-05-19','100000021','46310.23','1','100009504','39951.82');
INSERT INTO TRANSACTION VALUES ('f5bc2c6c-9bb0-3053-8bd3-6003881e31e5','19420.42','2007-08-16','2016-01-05','100004607','70921.00','0','100002431','23876173.20');
INSERT INTO TRANSACTION VALUES ('e75ad92e-ddd5-3feb-be84-1f24ed31ec0b','29100.05','1982-04-16','2004-06-23','100009613','80731.32','0','100000167','644.50');
INSERT INTO TRANSACTION VALUES ('472f6fa3-89cb-392e-96ea-99e9600888b9','30180.15','1992-06-19','2016-07-16','100001842','81505.81','0','100003679','19680.03');
INSERT INTO TRANSACTION VALUES ('5d7de5d1-7298-33c7-a68a-f490f7fc5728','12709.00','2006-01-28','2005-03-31','100007139','56498.24','1','100006558','2219793.08');
INSERT INTO TRANSACTION VALUES ('071031e6-8539-3d27-8dfd-99aa62f8c599','46800.56','2013-12-09','1973-08-26','100006354','81709.00','0','100004607','23254.05');
INSERT INTO TRANSACTION VALUES ('0abcbb7b-6df9-36fc-bd74-8ccb860b4210','15037.22','2014-04-26','2000-07-13','100000233','64219.81','0','100006787','91224820.57');
INSERT INTO TRANSACTION VALUES ('ab392bf9-59a2-3bb2-8cc7-5ab402f26f69','55037.38','1989-05-28','1981-03-08','100001188','13666.76','1','100004588','186664.16');
INSERT INTO TRANSACTION VALUES ('167980d3-13e0-3a79-9635-1595067ec1e5','13341.28','2013-11-11','2003-10-15','100007209','16723.12','0','100009227','8433.03');
INSERT INTO TRANSACTION VALUES ('27b66b48-4f32-3ddf-a08d-a12efb9d0ad3','12813.57','2016-07-16','1996-10-12','100001012','64622.82','0','100007209','0.00');
INSERT INTO TRANSACTION VALUES ('9372ebba-fd22-3957-8854-563ec7bf7946','79905.75','1999-03-20','1987-07-26','100008991','99247.56','0','100004759','0.00');
INSERT INTO TRANSACTION VALUES ('3371424f-8009-381d-b8a1-add0dd9447f4','19841.98','2016-01-26','1978-12-08','100007965','52922.59','0','100000272','32.46');
INSERT INTO TRANSACTION VALUES ('26f9df7a-7477-3da0-aa38-5ec120abb85a','61006.29','1993-03-22','1999-07-25','100000167','42482.50','1','100002830','48956.00');
INSERT INTO TRANSACTION VALUES ('45497e9e-cbc6-30fa-8cde-b5608e4037a8','10042.00','2009-10-22','2001-12-17','100000095','19487.85','1','100001671','3244782.92');
INSERT INTO TRANSACTION VALUES ('93045f6a-e65b-3743-ac22-34703c1b84c1','77302.54','2011-05-31','1981-04-19','100000005','61855.86','0','100004773','0.00');
INSERT INTO TRANSACTION VALUES ('cce6c4af-c10b-33a6-ac9c-19a58bebd30c','11186.50','1975-10-29','1990-01-13','100003479','58261.01','1','100003940','4.68');
INSERT INTO TRANSACTION VALUES ('49c9b8f9-2dfd-3c59-a10c-3c81242fd953','24605.60','2001-02-06','1993-06-19','100001671','46669.22','1','100005208','60492266.89');
INSERT INTO TRANSACTION VALUES ('f6164059-ad14-3ba2-b1c3-70a9958f97af','13656.22','1998-05-27','2011-03-04','100005734','80168.31','0','100007344','26.16');
INSERT INTO TRANSACTION VALUES ('f8a4fa41-22a5-3471-98ea-295217ceb049','36708.00','1979-01-02','2004-02-06','100002827','66376.00','0','100004152','62.59');
INSERT INTO TRANSACTION VALUES ('30da195a-9d8d-380f-8716-7c704447f3f8','13145.86','1971-02-08','1972-07-28','100009221','91121.40','1','100006486','5159428.89');
INSERT INTO TRANSACTION VALUES ('bc266233-b9f4-31df-8189-e68ed283228c','15602.31','2014-11-27','1990-09-14','100007077','20387.73','1','100004747','99999999.99');
INSERT INTO TRANSACTION VALUES ('176fda6e-7b91-3e8d-810e-74e8c10314b2','15016.18','1993-04-09','1976-07-05','100000272','15843.82','1','100006841','3.71');
INSERT INTO TRANSACTION VALUES ('aa33d0a9-af43-3aef-9a72-bfda9184d024','30307.29','2008-06-18','2014-07-07','100004094','99606.00','0','100006015','0.00');
INSERT INTO TRANSACTION VALUES ('f8d55616-7372-3efd-9e76-c935f78df5a9','10172.70','1994-10-31','2012-03-06','100006015','45656.00','0','100006354','7563390.02');
INSERT INTO TRANSACTION VALUES ('62d8304c-b082-3a85-8b1c-a003b9f5d2f7','18077.00','1995-03-30','2018-08-19','100003847','69602.87','0','100000434','99999999.99');
INSERT INTO TRANSACTION VALUES ('84f9cc33-4f86-3a06-bda4-325c8a69f023','11019.10','2013-01-03','1972-07-18','100006284','71308.38','0','100001070','29428818.00');
INSERT INTO TRANSACTION VALUES ('8e2a136f-1c8a-3866-a833-35fdbd363b5b','19467.63','1986-01-29','1998-04-23','100004419','52287.50','1','100006918','0.54');
INSERT INTO TRANSACTION VALUES ('a4d4bf99-b3d2-331e-90f3-4f6b51882633','54058.90','1989-03-01','1990-06-30','100004588','30030.00','1','100006935','14.58');
INSERT INTO TRANSACTION VALUES ('cdbf2cfe-f32f-3af2-b040-2f9e81e1881e','80067.51','1997-06-16','1988-09-30','100002431','13463.38','0','100001170','7680.68');
INSERT INTO TRANSACTION VALUES ('8e84123a-375f-3954-88ec-142b33fbc0a2','42083.54','1986-06-07','1996-02-25','100006841','90190.00','0','100000914','99999999.99');
INSERT INTO TRANSACTION VALUES ('81863b7d-c064-3dfd-b987-1701f40b08ed','76097.61','2007-09-01','1981-06-13','100009728','23269.06','0','100007965','6.62');
INSERT INTO TRANSACTION VALUES ('38f8b32c-5365-3535-a4cf-5c4ab8fb3789','16068.47','1972-09-28','2011-11-09','100007688','43129.17','0','100005901','8.00');
INSERT INTO TRANSACTION VALUES ('0918b8ae-10d8-31d7-8a00-abe9a70bfb61','35063.90','1970-07-18','1994-11-30','100002898','29371.20','1','100000616','11078617.20');
INSERT INTO TRANSACTION VALUES ('56d6d03f-bcb0-3050-a798-759e0ad36098','11021.09','1981-10-27','2012-01-26','100007766','77989.82','1','100008150','99999999.99');
INSERT INTO TRANSACTION VALUES ('a7798754-f0c5-3012-b10c-ff6b7b3eb03d','19824.08','1992-03-02','2012-07-26','100001070','23267.27','0','100001785','2927011.20');
INSERT INTO TRANSACTION VALUES ('e47f6b8f-f0c1-3435-97c4-4561a909d301','80547.36','1984-11-25','2016-09-08','100004985','27307.79','1','100007688','3.24');
INSERT INTO TRANSACTION VALUES ('1912b006-e399-32f4-b4a7-e244d88421bd','14705.89','2004-07-10','1989-05-09','100001408','13789.40','0','100008061','7.35');
INSERT INTO TRANSACTION VALUES ('cae14276-4fb4-3e6d-983b-13913c54b951','53095.00','1993-09-02','2002-04-24','100009587','11618.34','0','100007766','2.06');
INSERT INTO TRANSACTION VALUES ('e7c437cc-fcc6-33d4-8280-08bac3564763','15469.99','2003-02-12','1994-04-01','100006918','17099.90','0','100003055','45.49');
INSERT INTO TRANSACTION VALUES ('1d8ced4f-2653-3495-9db6-ee412b372fa7','15853.53','1981-05-03','1973-11-06','100003865','27055.75','0','100009587','99999999.99');
INSERT INTO TRANSACTION VALUES ('bd97d30c-3cf2-31c0-ab20-a58401ef7e27','19331.42','2005-06-12','1982-10-10','100000243','52078.32','1','100001408','2235238.31');
INSERT INTO TRANSACTION VALUES ('6917d243-2e37-398e-8200-920be1895924','96403.26','1991-07-08','2001-04-13','100003962','51049.59','0','100002827','2963400.70');
INSERT INTO TRANSACTION VALUES ('b12cbfe0-c687-3d2e-ae84-259dcc770fda','64910.30','2015-11-17','2004-09-02','100005208','17727.80','1','100002898','21796981.60');
INSERT INTO TRANSACTION VALUES ('fd7c6ef6-f2dd-3b72-b21b-d9202e7286f6','95903.23','1995-03-23','1970-06-27','100006646','63857.97','0','100005308','23830307.79');
INSERT INTO TRANSACTION VALUES ('df618d07-e23a-3467-a65e-2189186e044b','15404.66','2015-11-26','2015-10-01','100004747','18677.02','0','100006635','4818096.20');
INSERT INTO TRANSACTION VALUES ('54f74a39-c6a4-3a8c-88eb-a310da974325','11099.89','2017-09-23','1973-05-27','100004759','54055.75','0','100002225','426.66');
INSERT INTO TRANSACTION VALUES ('3acffc7f-91be-393e-a6e3-838df2f426df','10710.21','2005-12-31','2001-10-21','100005901','82236.13','0','100001012','388052.21');
INSERT INTO TRANSACTION VALUES ('c2c0c166-a2fa-3257-b754-bbce0b40b5ef','13785.20','2006-06-07','1991-05-02','100003511','36629.07','0','100003865','658509.94');
INSERT INTO TRANSACTION VALUES ('979b7d5d-de2b-38b3-b68b-a83ca8ea77d3','11015.50','1972-05-17','2017-12-03','100005521','64230.16','1','100008747','2896.94');
INSERT INTO TRANSACTION VALUES ('dd51367e-f836-358b-9d99-917493fce094','10341.45','1976-04-27','1988-04-12','100000468','21476.76','1','100006481','3261613.34');
INSERT INTO TRANSACTION VALUES ('4d48fdae-bd2a-348b-889b-29dc003a386c','68095.14','1991-06-19','1976-10-23','100002396','61824.00','0','100003511','31464130.72');
INSERT INTO TRANSACTION VALUES ('0b2cec3d-ea07-3890-a11f-89b17e7abfa7','16537.00','1979-08-05','2010-11-02','100000434','51023.00','0','100006032','928653.20');
INSERT INTO TRANSACTION VALUES ('c08a7849-a4a2-309e-ae91-bfe4e8ee7cb2','12009.17','1975-10-29','2012-04-11','100000840','24111.44','1','100002739','0.00');
INSERT INTO TRANSACTION VALUES ('99a3e8b6-18b9-3964-b3c4-cba48434e336','15701.38','1982-01-18','1993-01-10','100001785','11344.57','0','100008774','6499.00');
INSERT INTO TRANSACTION VALUES ('1ea3b813-ab8b-34fa-8ce7-9bda53e9be9f','98096.00','2010-12-19','1974-03-08','100008774','10750.85','0','100007077','56.88');
INSERT INTO TRANSACTION VALUES ('5b71908e-0e22-32da-b441-c22e093157e4','93047.15','2002-05-05','2016-04-02','100009275','82962.53','0','100007766','293533.38');
INSERT INTO TRANSACTION VALUES ('f99ce172-a893-375e-928e-880c1e23f84c','67048.71','2014-09-09','1978-01-13','100006014','94873.03','0','100002827','30.89');
INSERT INTO TRANSACTION VALUES ('82c9d83e-5267-3396-ace3-62aef35519f1','16915.71','2003-03-14','1994-10-22','100002614','96589.63','0','100001580','99999999.99');
INSERT INTO TRANSACTION VALUES ('b72006d2-2792-3b3a-9f9b-1a10c022af71','42098.06','2012-11-16','1991-06-19','100002091','62962.00','1','100002560','2.63');
INSERT INTO TRANSACTION VALUES ('26db07f5-3a10-3b68-8624-6cab9e1eb1f6','13358.00','1998-10-11','1986-02-10','100006787','38503.43','1','100004094','114928.80');
INSERT INTO TRANSACTION VALUES ('4a7c3313-6b1f-3cfd-99d7-81804dc8cd4e','40301.00','1999-07-10','2002-05-05','100009706','48352.07','1','100001785','153186.16');
INSERT INTO TRANSACTION VALUES ('b62debf7-5d01-37ad-aeee-cc5ac1a73b3d','15114.00','2012-06-28','1983-07-16','100004152','44056.00','1','100007000','2.00');
INSERT INTO TRANSACTION VALUES ('e66cbbd2-74b5-33ec-9499-790a7ffb2b38','30217.40','1992-11-06','1982-02-23','100003679','28834.79','0','100006918','3.15');
INSERT INTO TRANSACTION VALUES ('070aabd0-8ce1-3334-88fc-8e47d869e4b3','15820.16','1998-02-06','2012-06-09','100001170','63833.63','1','100007077','561536.21');
INSERT INTO TRANSACTION VALUES ('d4da92ee-d0bb-3777-9a76-c2d61b6e39ba','65049.00','2005-09-02','2017-09-10','100006032','72073.91','0','100006646','791.00');
INSERT INTO TRANSACTION VALUES ('056c9ca5-2138-3a57-957e-d8014b6b4d7e','14159.20','1981-11-20','1991-09-08','100006558','49973.61','1','100006354','0.00');
INSERT INTO TRANSACTION VALUES ('0dc738ca-e779-3b4c-a010-c9dc9dbc92e9','12989.03','2011-01-26','1974-12-27','100004937','92413.86','0','100005521','63.00');
INSERT INTO TRANSACTION VALUES ('4ea9bd62-84fb-3649-977c-657e798a5551','19643.00','1985-02-17','1999-02-03','100009227','93801.49','1','100000233','370.75');
INSERT INTO TRANSACTION VALUES ('fbc7d32e-7f5a-317b-882f-1686e45e961f','80211.28','1982-12-02','2005-08-20','100006635','50095.74','1','100008774','3.48');
INSERT INTO TRANSACTION VALUES ('16c1d1e7-c4d9-3764-8563-d2e53c52b46c','10001.96','1994-01-28','2018-04-13','100004965','91340.40','1','100007209','216197.01');
INSERT INTO TRANSACTION VALUES ('91ba3416-6340-34f2-a7b8-5e92240541ad','01193.40','1974-11-02','2010-05-17','100002560','77820.76','1','100002898','8420.22');
INSERT INTO TRANSACTION VALUES ('bed3f3c1-6ae0-39ee-beb4-a403105d07ba','60011.00','2016-04-03','1988-10-30','100005308','59501.78','1','100000840','0.00');
INSERT INTO TRANSACTION VALUES ('dcd5b6e5-4701-36e2-8b0f-23934bb5032b','03776.04','1985-12-09','2014-07-28','100008822','14309.89','1','100001408','6.50');
INSERT INTO TRANSACTION VALUES ('6f6823bf-aece-398b-bf94-6e6e81dcbca4','01897.10','1991-04-18','1985-06-12','100003940','77494.76','1','100002396','136181.17');
INSERT INTO TRANSACTION VALUES ('b7c047e8-0e42-39aa-8501-73f8cb6208ec','06682.23','2004-07-28','1993-06-09','100006935','97305.34','0','100009587','0.00');
INSERT INTO TRANSACTION VALUES ('6862408e-7329-39d8-b456-5ad24f8d7ccd','16320.37','2002-08-30','2016-11-24','100002830','46613.75','0','100007344','59.63');
INSERT INTO TRANSACTION VALUES ('562895a6-15f0-38e6-95b8-e2cb012f5ff8','12776.73','1985-04-04','1990-01-01','100004228','18625.55','1','100005208','0.72');
INSERT INTO TRANSACTION VALUES ('15bb72e1-2175-3bcf-b496-437c2a5fced2','01873.71','2011-08-02','2000-09-12','100001859','62214.60','1','100004985','50.61');
INSERT INTO TRANSACTION VALUES ('9f9c74a7-cc6c-3f51-a17f-f9608c1da428','01119.55','1998-07-09','1980-01-13','100007000','42548.00','1','100006284','77304.97');
INSERT INTO TRANSACTION VALUES ('95b0c1cc-fde6-39dc-bf5f-c4c3d0d9cd95','15659.37','1989-08-02','2016-12-10','100008061','81999.68','1','100006486','565102.00');
INSERT INTO TRANSACTION VALUES ('2dc1ecc1-e686-341b-bbd3-a47762db73ce','19142.70','2012-12-15','1974-09-16','100009233','42146.37','1','100006032','543637.34');
INSERT INTO TRANSACTION VALUES ('6d1cc1c8-7f92-3eed-a7ec-005486eeb514','08106.13','1990-07-20','2017-10-05','100004782','50614.41','0','100000095','20590186.88');
INSERT INTO TRANSACTION VALUES ('f34abc0b-ba0d-39cf-91b7-aa923bd4cbc4','18892.20','2011-09-14','1972-10-25','100009504','93836.59','1','100000272','33941083.69');
INSERT INTO TRANSACTION VALUES ('e7056980-077d-32b9-a9cc-0435fa519206','09599.89','1978-09-25','2007-10-05','100006481','38249.19','1','100002431','3639622.42');
INSERT INTO TRANSACTION VALUES ('218a7ee5-f5bf-34c8-acc2-021d9359fba8','12406.00','2007-03-04','1993-03-22','100005762','85098.51','1','100000914','127.73');
INSERT INTO TRANSACTION VALUES ('c61effc3-17d0-3e03-ac06-c2456639a669','14749.67','2000-04-22','2011-03-15','100002225','62840.76','0','100003819','421.20');
INSERT INTO TRANSACTION VALUES ('7341e990-31b0-389d-b5ae-ded0a66440b3','16112.40','1984-05-22','2007-01-17','100003819','64335.13','1','100003055','134.00');
INSERT INTO TRANSACTION VALUES ('66dc38b9-e858-3d36-b71c-7e293a22b18a','12529.81','1990-05-12','1998-08-03','100001580','32173.92','0','100009221','56420574.79');
INSERT INTO TRANSACTION VALUES ('c2c9dbc4-03af-3721-857a-1c1641dff58f','15047.22','2002-08-06','1999-08-19','100009387','29978.00','0','100000243','0.00');
INSERT INTO TRANSACTION VALUES ('e39bd512-83e6-349f-922e-fee732003f67','14231.60','1971-05-15','1992-10-16','100008150','69575.52','1','100002830','168.16');
INSERT INTO TRANSACTION VALUES ('579e1ae6-75b8-3698-8f56-0de95609611d','03464.51','1997-12-09','1994-01-01','100001853','43118.06','1','100009728','3832914.00');
INSERT INTO TRANSACTION VALUES ('4896d4a5-73fb-3f24-b519-91094242fdb1','13389.40','1987-01-21','2012-03-05','100007344','60916.54','1','100003962','2116.10');
INSERT INTO TRANSACTION VALUES ('5d16b1dc-4593-3f14-a94a-a3e22b50d7c1','05243.58','1984-02-06','2004-12-27','100002739','91313.06','1','100008150','942548.81');
INSERT INTO TRANSACTION VALUES ('08ef1f3d-0830-3edd-bda6-86b3d6d0b726','08987.01','1998-04-11','2007-07-02','100000914','74854.09','1','100007139','0.00');
INSERT INTO TRANSACTION VALUES ('fd242022-7606-38c9-8dcb-7d8f0a62a08a','02234.74','2012-07-20','1992-07-16','100004773','85908.90','1','100004782','1097.39');
INSERT INTO TRANSACTION VALUES ('ceadd829-7bf1-311e-bb95-3f4b9a395eac','17180.39','1975-12-17','1971-11-18','100006486','84643.70','1','100009706','5.00');
INSERT INTO TRANSACTION VALUES ('e9c21bad-4e85-3922-874f-cc0995ab58f4','07455.15','2015-01-09','2010-11-23','100008747','68962.42','1','100009227','2.96');
INSERT INTO TRANSACTION VALUES ('ac7e037b-2f78-31a2-aae1-e508991dd827','02915.10','1982-01-28','1993-10-08','100000616','57140.94','1','100002091','346.76');
INSERT INTO TRANSACTION VALUES ('04d69084-9714-310b-895c-b25c31992755','14285.00','1981-04-29','1990-11-16','100005833','73961.78','0','100007965','9.56');
INSERT INTO TRANSACTION VALUES ('2c4a2bb7-beac-3d4d-980c-44b27707f801','03282.63','1983-02-27','1981-02-17','100003055','40089.82','0','100009233','1.69');
INSERT INTO TRANSACTION VALUES ('31cdca20-8234-35ed-bcf1-dd7e3a0a3f7e','04137.04','2016-03-27','1980-07-03','100000021','34403.90','1','100002225','1038.62');
INSERT INTO TRANSACTION VALUES ('e7a6301c-2272-3c1f-88c4-8f921983072e','05155.12','2018-11-08','1981-07-28','100004607','72787.15','0','100006935','0.00');
INSERT INTO TRANSACTION VALUES ('feebed54-13a1-3081-ba85-98fa49495d27','14401.78','2013-01-16','1996-08-07','100009613','29012.33','1','100003865','0.00');
INSERT INTO TRANSACTION VALUES ('095ce40c-9262-316c-b590-d59124372dab','08432.37','2003-02-11','2016-10-30','100001842','23792.30','0','100005901','2121668.00');
INSERT INTO TRANSACTION VALUES ('bf9f8272-7e80-38f7-a6b8-dae173b08ab9','04677.64','1986-09-29','1996-08-10','100007139','60618.38','1','100001853','413.92');
INSERT INTO TRANSACTION VALUES ('7268c433-fea6-30fd-a0e9-c412faf7ba56','10942.63','1997-09-07','2010-06-19','100006354','38501.00','1','100004965','480.90');
INSERT INTO TRANSACTION VALUES ('93cfe5ef-bd51-319b-92c9-8b3d4e8e75ce','12211.77','1986-05-12','1979-07-22','100000233','31156.92','1','100006015','25500.13');
INSERT INTO TRANSACTION VALUES ('38d2cde0-5935-3652-9480-390274af5b62','08868.46','1986-01-19','1976-08-11','100001188','65469.16','0','100006635','36.10');
INSERT INTO TRANSACTION VALUES ('fa238bd6-2c41-303c-87ae-85aa63029fb3','13881.02','2010-04-23','2002-10-17','100007209','22220.73','0','100004607','491049.52');
INSERT INTO TRANSACTION VALUES ('acdb6749-7590-328f-8dc2-185164f6dc0f','03182.05','2011-01-21','1988-04-09','100001012','97471.82','1','100000434','99999999.99');
INSERT INTO TRANSACTION VALUES ('861b7c94-aefd-3e2e-8789-68e97eb66a7f','09739.04','1997-09-30','1997-06-27','100008991','51162.36','1','100000005','2.97');
INSERT INTO TRANSACTION VALUES ('636d36a2-314e-3dbc-9719-b3f67eb14035','11141.37','2003-07-03','2015-02-05','100007965','86378.00','1','100004152','1.23');
INSERT INTO TRANSACTION VALUES ('dd2ca2ff-fc8b-3630-a1a9-beb7fe54297b','02644.38','2002-03-06','2005-07-30','100000167','28168.12','0','100006481','13324046.56');
INSERT INTO TRANSACTION VALUES ('cf6cc6d9-d1c5-3220-8be9-4af6d4b8c633','05606.16','1979-01-13','1984-04-08','100000095','33455.54','0','100008061','182069.72');
INSERT INTO TRANSACTION VALUES ('a85b9b38-77b8-3bcc-bc4d-391c2fec0f46','07259.70','2002-01-28','1973-01-04','100000005','30036.93','1','100005762','0.00');
INSERT INTO TRANSACTION VALUES ('92178009-ce45-36e1-9a4d-8d717ae8735c','00384.00','1989-05-08','2007-02-22','100003479','75682.56','0','100001671','8.08');
INSERT INTO TRANSACTION VALUES ('457c284a-150b-3ef3-9a1c-8c144a3bb476','05491.12','1988-11-07','1975-05-13','100001671','30044.81','0','100004747','57.90');
INSERT INTO TRANSACTION VALUES ('584ea186-9270-355f-a764-b5ad25e80dcb','00428.23','1993-05-12','1993-07-29','100005734','62323.22','1','100001859','99999999.99');
INSERT INTO TRANSACTION VALUES ('6f3ad6f2-b914-3383-bf1b-8a7a63fc6e81','80938.08','1997-07-19','1978-01-02','100002827','57254.17','1','100009504','1598692.00');
INSERT INTO TRANSACTION VALUES ('d005a2ea-d054-32f2-bbea-1e0065665de1','80792.48','2018-07-15','1975-05-17','100009221','38031.47','0','100005308','12.68');
INSERT INTO TRANSACTION VALUES ('cea83fbf-976e-3a84-bb3a-bedcd22f4388','04258.67','1987-03-29','2012-04-23','100007077','90566.82','0','100009275','99999999.99');
INSERT INTO TRANSACTION VALUES ('709217bb-a13f-3bae-8435-a4207cb45d65','15969.71','1991-06-07','2001-02-01','100000272','78298.98','0','100005833','6456.87');
INSERT INTO TRANSACTION VALUES ('fd11ad74-1dff-3cc0-a165-8957b98686e0','00439.92','1992-01-19','1973-05-15','100004094','52306.92','1','100000616','2061.44');
INSERT INTO TRANSACTION VALUES ('8194d32e-0a32-396b-924d-b6526eb20425','01740.45','2014-07-26','2009-09-16','100006015','84864.86','1','100008822','1.13');
INSERT INTO TRANSACTION VALUES ('f95f18a3-c41e-3eff-a16b-9975fd16a932','17547.45','2010-09-22','1989-02-04','100003847','19262.73','0','100004588','1723218.15');
INSERT INTO TRANSACTION VALUES ('c40f4799-ba15-336f-8761-4b84388ea827','02417.36','1986-02-10','1993-04-28','100006284','25796.57','0','100006841','8.40');
INSERT INTO TRANSACTION VALUES ('3715bef5-d673-32df-8378-6fa4e0adc0a0','13959.87','1994-10-23','2002-11-07','100004419','94009.59','1','100008991','12888317.64');
INSERT INTO TRANSACTION VALUES ('9cdb7460-cac3-3052-b8e6-d407a19d4bef','17385.44','1999-10-23','2007-11-11','100004588','53755.61','0','100000167','20370759.49');
INSERT INTO TRANSACTION VALUES ('6c0d4e8e-4131-31ec-989e-d5e257d34aa5','07073.55','2004-08-14','2003-07-27','100002431','50202.96','1','100006787','121452.00');
INSERT INTO TRANSACTION VALUES ('4d7ac201-7553-3977-a922-e29b83456ee4','13023.14','1988-08-14','2005-09-24','100006841','30501.00','1','100009387','237.09');
INSERT INTO TRANSACTION VALUES ('b09560d9-1220-3111-9771-af84cee83078','06309.95','2008-09-15','1987-05-21','100009728','51783.41','0','100000468','113.30');
INSERT INTO TRANSACTION VALUES ('aedefe07-896a-3f96-b2f9-83377d771382','12611.68','2007-11-03','1979-06-13','100007688','42470.27','1','100000021','6.00');
INSERT INTO TRANSACTION VALUES ('cfbaeeb7-2e56-346e-9220-4ef431af5145','12360.06','1987-11-19','2009-01-26','100002898','97781.43','1','100003511','66869.58');
INSERT INTO TRANSACTION VALUES ('229e5d76-9eb4-3f38-b5d9-a7a9eb2ebbda','03994.39','2014-07-10','1995-05-18','100007766','35552.71','0','100005734','33.70');
INSERT INTO TRANSACTION VALUES ('f984afc6-502f-3760-a1e3-3004f4150e1b','17167.02','1991-12-19','2004-07-15','100001070','54081.36','0','100001070','0.00');
INSERT INTO TRANSACTION VALUES ('8b9d3520-47e8-33d7-8b75-93b29f1744bb','14695.02','1972-01-12','1992-01-05','100004985','85448.00','0','100004773','25.56');
INSERT INTO TRANSACTION VALUES ('59d4c998-04da-36b7-a4e7-e03fd53d70f0','19099.60','1998-05-04','2008-09-07','100001408','49322.80','1','100003479','53737.39');
INSERT INTO TRANSACTION VALUES ('7f1ee439-43a7-3682-89a0-253441c77ab8','08042.80','2011-01-03','1988-12-30','100009587','19219.95','1','100008747','127.38');
INSERT INTO TRANSACTION VALUES ('4f447504-9e3f-370a-8ec8-4cff075d2c2a','01707.59','2008-09-27','1993-05-20','100006918','64065.89','1','100002614','2720498.35');
INSERT INTO TRANSACTION VALUES ('eff0e58a-d0aa-350e-beab-cee6d0af5a7f','09668.19','1999-09-20','2009-05-26','100003865','76763.70','0','100004228','38601.97');
INSERT INTO TRANSACTION VALUES ('afde6bbd-7a08-3eef-b6cf-fbb0267d53c7','08131.42','1977-03-04','1993-01-02','100000243','86478.08','0','100004419','125169.60');
INSERT INTO TRANSACTION VALUES ('e992b20f-6844-3576-acf8-642e1f0ab214','10422.41','1989-08-17','2007-07-13','100003962','93564.00','1','100004759','7.55');
INSERT INTO TRANSACTION VALUES ('63aef1fd-237a-3950-a848-55382a783685','09150.45','1975-05-16','2008-09-26','100005208','24801.00','1','100002739','263359.72');
INSERT INTO TRANSACTION VALUES ('5f6017d3-9011-3e89-a35c-a6a640bbea0f','09828.10','2001-02-13','1995-07-18','100006646','40696.87','1','100001170','0.00');
INSERT INTO TRANSACTION VALUES ('5c5478dd-0d70-389f-9bc4-38afd0ec9e81','11642.00','1995-05-21','1996-12-29','100004747','28362.23','1','100006014','0.00');
INSERT INTO TRANSACTION VALUES ('37e47ffe-bc43-3d5d-a888-a74e74827a95','10603.05','1992-09-22','1977-11-13','100004759','50507.00','1','100001012','1600.80');
INSERT INTO TRANSACTION VALUES ('9396ae62-f2a9-35e2-bacc-e7983a0ca444','14890.20','1995-03-23','2003-12-13','100005901','54770.27','1','100009613','256.16');
INSERT INTO TRANSACTION VALUES ('730a1d8d-1177-3c1c-95ab-4260d6d5eed2','10134.00','1995-01-02','1978-07-02','100003511','43689.44','0','100003679','78695.12');
INSERT INTO TRANSACTION VALUES ('d35f71c9-cba8-3a46-a51b-fe9a32027ce1','10621.00','1990-05-24','2014-06-01','100005521','35664.12','0','100003847','27162862.30');
INSERT INTO TRANSACTION VALUES ('f036b493-6aed-33b6-8633-ba80d8285f13','00258.12','1977-08-04','2003-01-29','100000468','88056.00','1','100006558','2880.33');
INSERT INTO TRANSACTION VALUES ('d7dceabb-73f2-3cfd-8777-af82b2ba9594','16977.37','1972-07-14','1970-02-09','100002396','25200.00','1','100001188','3784386.38');
INSERT INTO TRANSACTION VALUES ('97b93ed2-d427-342d-b880-fb850b9f73ad','12135.91','2009-04-03','1972-09-29','100000434','40211.00','0','100001842','347272.00');
INSERT INTO TRANSACTION VALUES ('d2c65ce9-8d23-38e8-bb98-0fecc0096127','04043.28','2002-08-02','2019-04-27','100000840','65602.60','0','100004937','1.90');
INSERT INTO TRANSACTION VALUES ('3fb3f728-ffa8-389c-9db2-616c26ce1af9','12487.15','1994-04-04','2002-01-12','100001785','43653.28','1','100003940','77685.61');
INSERT INTO TRANSACTION VALUES ('fbd9daf4-37df-38bd-8b6e-6f81cff1e2ca','11223.27','2017-06-15','2001-02-09','100008774','88880.24','1','100007688','42.57');

INSERT INTO ACCOUNT_TRANSACTIONS VALUES ('100009275', 'dbd3de97-0b74-30e2-9f7a-746ab3b245f7');
INSERT INTO ACCOUNT_TRANSACTIONS VALUES ('100006014', '4ba42221-ea30-3b4d-b483-dc94b9d9a53a');
INSERT INTO ACCOUNT_TRANSACTIONS VALUES ('100002614', '12379bd0-87dc-3185-af72-6154adf62b7d');
INSERT INTO ACCOUNT_TRANSACTIONS VALUES ('100002091', 'fffe1285-e360-3f7f-b0d5-c9799014c435');
INSERT INTO ACCOUNT_TRANSACTIONS VALUES ('100006787', '92baf63c-e4f6-3533-a6f2-b448607895fb');
INSERT INTO ACCOUNT_TRANSACTIONS VALUES ('100009706', 'b8461d68-5d69-3d24-8c86-4f5113e84914');
INSERT INTO ACCOUNT_TRANSACTIONS VALUES ('100004152', '324026d2-1d39-3619-8c15-894d01e1a2a2');
INSERT INTO ACCOUNT_TRANSACTIONS VALUES ('100003679', '97ba3c2e-384b-3be1-8e12-559c125ca976');
INSERT INTO ACCOUNT_TRANSACTIONS VALUES ('100001170', 'fe801bb7-a461-360e-b98c-1a105a10f900');
INSERT INTO ACCOUNT_TRANSACTIONS VALUES ('100006032', '187a6c66-e57d-3558-b41f-8863ba1563ff');
INSERT INTO ACCOUNT_TRANSACTIONS VALUES ('100006558', '1e61bf3a-e81d-348c-98b0-edeb5dbdab70');
INSERT INTO ACCOUNT_TRANSACTIONS VALUES ('100004937', '207e9e9e-36e5-3b36-a0e5-039258681397');
INSERT INTO ACCOUNT_TRANSACTIONS VALUES ('100009227', '036e7971-e0ac-315a-a147-39b9e3c48f53');
INSERT INTO ACCOUNT_TRANSACTIONS VALUES ('100006635', 'e8fb3ede-ff6b-3923-aa6e-d60d630db8c1');
INSERT INTO ACCOUNT_TRANSACTIONS VALUES ('100004965', 'da731eb8-dd74-3f44-9d34-ce27843cbdf7');
INSERT INTO ACCOUNT_TRANSACTIONS VALUES ('100002560', '6e7784fc-06d5-36b0-a560-8d50055163bf');
INSERT INTO ACCOUNT_TRANSACTIONS VALUES ('100005308', '3a13bbd5-7a70-35ec-903d-4bae0b6e3222');
INSERT INTO ACCOUNT_TRANSACTIONS VALUES ('100008822', '8293ef27-ff5e-3acd-abe9-15ca53f9eafc');
INSERT INTO ACCOUNT_TRANSACTIONS VALUES ('100003940', 'c4e2ab21-4bef-3d88-935a-763885c13ec0');
INSERT INTO ACCOUNT_TRANSACTIONS VALUES ('100006935', '2f5d15d1-1781-3675-bdcc-d57d141c8043');
INSERT INTO ACCOUNT_TRANSACTIONS VALUES ('100002830', '02c5a3fd-960d-329d-9108-bf2071a2979f');
INSERT INTO ACCOUNT_TRANSACTIONS VALUES ('100004228', '832aac25-7610-3739-aadf-ddb397cae90d');
INSERT INTO ACCOUNT_TRANSACTIONS VALUES ('100001859', '95bca9fe-e637-3707-a84e-a20f11a89899');
INSERT INTO ACCOUNT_TRANSACTIONS VALUES ('100007000', '817ecc66-8c5c-36fd-bb9d-a5f7fa5b9746');
INSERT INTO ACCOUNT_TRANSACTIONS VALUES ('100008061', '4e75bab8-5fc0-39ae-8bc7-5a233a8eb758');
INSERT INTO ACCOUNT_TRANSACTIONS VALUES ('100009233', '61178d1a-0739-34ad-b4eb-bee2f98157f2');
INSERT INTO ACCOUNT_TRANSACTIONS VALUES ('100004782', 'e477862a-2336-39b3-a3be-66bfaa7d0cad');
INSERT INTO ACCOUNT_TRANSACTIONS VALUES ('100009504', '09d5414a-db51-32f6-b966-c2c05c57abe8');
INSERT INTO ACCOUNT_TRANSACTIONS VALUES ('100006481', '9678388f-a860-306f-b4bb-561989fccb2c');
INSERT INTO ACCOUNT_TRANSACTIONS VALUES ('100005762', 'd722f908-a01e-32d3-a693-a2a5a270e654');
INSERT INTO ACCOUNT_TRANSACTIONS VALUES ('100002225', '1c2a8619-8639-3225-9cf1-a29006d1721c');
INSERT INTO ACCOUNT_TRANSACTIONS VALUES ('100003819', '2474431d-2da8-3640-a9ff-50eedb891cc4');
INSERT INTO ACCOUNT_TRANSACTIONS VALUES ('100001580', 'ccbc7d4e-06a6-3fe9-bde6-f6a816b3282f');
INSERT INTO ACCOUNT_TRANSACTIONS VALUES ('100009387', 'db768e27-d0ac-3c97-8e17-cac4d5cfd4fb');
INSERT INTO ACCOUNT_TRANSACTIONS VALUES ('100008150', '47a618ac-cbbe-3e27-a923-a0b6f9835ef2');
INSERT INTO ACCOUNT_TRANSACTIONS VALUES ('100001853', '4b1dc0b4-f7fe-3073-8a35-6721b52621eb');
INSERT INTO ACCOUNT_TRANSACTIONS VALUES ('100007344', '7da34af0-5729-32e1-9aa4-041f5cf17948');
INSERT INTO ACCOUNT_TRANSACTIONS VALUES ('100002739', '472c0d2b-0e21-32f0-9e8a-bb83580f8085');
INSERT INTO ACCOUNT_TRANSACTIONS VALUES ('100000914', '57dc2bcb-84e8-3908-9bc4-80a5373c0ca4');
INSERT INTO ACCOUNT_TRANSACTIONS VALUES ('100004773', '61c15855-9142-34ec-a6ab-3e340992aaf5');
INSERT INTO ACCOUNT_TRANSACTIONS VALUES ('100006486', 'a1d434b4-f7d2-3735-8c94-4f8cbcc6d951');
INSERT INTO ACCOUNT_TRANSACTIONS VALUES ('100008747', 'fa165e80-752d-3553-aca8-23a7c01b8370');
INSERT INTO ACCOUNT_TRANSACTIONS VALUES ('100000616', 'f8d13a63-d45f-334c-b284-2d8812ffee35');
INSERT INTO ACCOUNT_TRANSACTIONS VALUES ('100005833', 'c868e00c-39a7-3572-9e78-d31b2f8bd870');
INSERT INTO ACCOUNT_TRANSACTIONS VALUES ('100003055', 'a6549fd2-a172-34bb-9d9e-6f2bc7b2a8e1');
INSERT INTO ACCOUNT_TRANSACTIONS VALUES ('100000021', 'e3450863-6c05-3658-a0c5-33a14f8dd66b');
INSERT INTO ACCOUNT_TRANSACTIONS VALUES ('100004607', 'f5bc2c6c-9bb0-3053-8bd3-6003881e31e5');
INSERT INTO ACCOUNT_TRANSACTIONS VALUES ('100009613', 'e75ad92e-ddd5-3feb-be84-1f24ed31ec0b');
INSERT INTO ACCOUNT_TRANSACTIONS VALUES ('100001842', '472f6fa3-89cb-392e-96ea-99e9600888b9');
INSERT INTO ACCOUNT_TRANSACTIONS VALUES ('100007139', '5d7de5d1-7298-33c7-a68a-f490f7fc5728');
INSERT INTO ACCOUNT_TRANSACTIONS VALUES ('100006354', '071031e6-8539-3d27-8dfd-99aa62f8c599');
INSERT INTO ACCOUNT_TRANSACTIONS VALUES ('100000233', '0abcbb7b-6df9-36fc-bd74-8ccb860b4210');
INSERT INTO ACCOUNT_TRANSACTIONS VALUES ('100001188', 'ab392bf9-59a2-3bb2-8cc7-5ab402f26f69');
INSERT INTO ACCOUNT_TRANSACTIONS VALUES ('100007209', '167980d3-13e0-3a79-9635-1595067ec1e5');
INSERT INTO ACCOUNT_TRANSACTIONS VALUES ('100001012', '27b66b48-4f32-3ddf-a08d-a12efb9d0ad3');
INSERT INTO ACCOUNT_TRANSACTIONS VALUES ('100008991', '9372ebba-fd22-3957-8854-563ec7bf7946');
INSERT INTO ACCOUNT_TRANSACTIONS VALUES ('100007965', '3371424f-8009-381d-b8a1-add0dd9447f4');
INSERT INTO ACCOUNT_TRANSACTIONS VALUES ('100000167', '26f9df7a-7477-3da0-aa38-5ec120abb85a');
INSERT INTO ACCOUNT_TRANSACTIONS VALUES ('100000095', '45497e9e-cbc6-30fa-8cde-b5608e4037a8');
INSERT INTO ACCOUNT_TRANSACTIONS VALUES ('100000005', '93045f6a-e65b-3743-ac22-34703c1b84c1');
INSERT INTO ACCOUNT_TRANSACTIONS VALUES ('100003479', 'cce6c4af-c10b-33a6-ac9c-19a58bebd30c');
INSERT INTO ACCOUNT_TRANSACTIONS VALUES ('100001671', '49c9b8f9-2dfd-3c59-a10c-3c81242fd953');
INSERT INTO ACCOUNT_TRANSACTIONS VALUES ('100005734', 'f6164059-ad14-3ba2-b1c3-70a9958f97af');
INSERT INTO ACCOUNT_TRANSACTIONS VALUES ('100002827', 'f8a4fa41-22a5-3471-98ea-295217ceb049');
INSERT INTO ACCOUNT_TRANSACTIONS VALUES ('100009221', '30da195a-9d8d-380f-8716-7c704447f3f8');
INSERT INTO ACCOUNT_TRANSACTIONS VALUES ('100007077', 'bc266233-b9f4-31df-8189-e68ed283228c');
INSERT INTO ACCOUNT_TRANSACTIONS VALUES ('100000272', '176fda6e-7b91-3e8d-810e-74e8c10314b2');
INSERT INTO ACCOUNT_TRANSACTIONS VALUES ('100004094', 'aa33d0a9-af43-3aef-9a72-bfda9184d024');
INSERT INTO ACCOUNT_TRANSACTIONS VALUES ('100006015', 'f8d55616-7372-3efd-9e76-c935f78df5a9');
INSERT INTO ACCOUNT_TRANSACTIONS VALUES ('100003847', '62d8304c-b082-3a85-8b1c-a003b9f5d2f7');
INSERT INTO ACCOUNT_TRANSACTIONS VALUES ('100006284', '84f9cc33-4f86-3a06-bda4-325c8a69f023');
INSERT INTO ACCOUNT_TRANSACTIONS VALUES ('100004419', '8e2a136f-1c8a-3866-a833-35fdbd363b5b');
INSERT INTO ACCOUNT_TRANSACTIONS VALUES ('100004588', 'a4d4bf99-b3d2-331e-90f3-4f6b51882633');
INSERT INTO ACCOUNT_TRANSACTIONS VALUES ('100002431', 'cdbf2cfe-f32f-3af2-b040-2f9e81e1881e');
INSERT INTO ACCOUNT_TRANSACTIONS VALUES ('100006841', '8e84123a-375f-3954-88ec-142b33fbc0a2');
INSERT INTO ACCOUNT_TRANSACTIONS VALUES ('100009728', '81863b7d-c064-3dfd-b987-1701f40b08ed');
INSERT INTO ACCOUNT_TRANSACTIONS VALUES ('100007688', '38f8b32c-5365-3535-a4cf-5c4ab8fb3789');
INSERT INTO ACCOUNT_TRANSACTIONS VALUES ('100002898', '0918b8ae-10d8-31d7-8a00-abe9a70bfb61');
INSERT INTO ACCOUNT_TRANSACTIONS VALUES ('100007766', '56d6d03f-bcb0-3050-a798-759e0ad36098');
INSERT INTO ACCOUNT_TRANSACTIONS VALUES ('100001070', 'a7798754-f0c5-3012-b10c-ff6b7b3eb03d');
INSERT INTO ACCOUNT_TRANSACTIONS VALUES ('100004985', 'e47f6b8f-f0c1-3435-97c4-4561a909d301');
INSERT INTO ACCOUNT_TRANSACTIONS VALUES ('100001408', '1912b006-e399-32f4-b4a7-e244d88421bd');
INSERT INTO ACCOUNT_TRANSACTIONS VALUES ('100009587', 'cae14276-4fb4-3e6d-983b-13913c54b951');
INSERT INTO ACCOUNT_TRANSACTIONS VALUES ('100006918', 'e7c437cc-fcc6-33d4-8280-08bac3564763');
INSERT INTO ACCOUNT_TRANSACTIONS VALUES ('100003865', '1d8ced4f-2653-3495-9db6-ee412b372fa7');
INSERT INTO ACCOUNT_TRANSACTIONS VALUES ('100000243', 'bd97d30c-3cf2-31c0-ab20-a58401ef7e27');
INSERT INTO ACCOUNT_TRANSACTIONS VALUES ('100003962', '6917d243-2e37-398e-8200-920be1895924');
INSERT INTO ACCOUNT_TRANSACTIONS VALUES ('100005208', 'b12cbfe0-c687-3d2e-ae84-259dcc770fda');
INSERT INTO ACCOUNT_TRANSACTIONS VALUES ('100006646', 'fd7c6ef6-f2dd-3b72-b21b-d9202e7286f6');
INSERT INTO ACCOUNT_TRANSACTIONS VALUES ('100004747', 'df618d07-e23a-3467-a65e-2189186e044b');
INSERT INTO ACCOUNT_TRANSACTIONS VALUES ('100004759', '54f74a39-c6a4-3a8c-88eb-a310da974325');
INSERT INTO ACCOUNT_TRANSACTIONS VALUES ('100005901', '3acffc7f-91be-393e-a6e3-838df2f426df');
INSERT INTO ACCOUNT_TRANSACTIONS VALUES ('100003511', 'c2c0c166-a2fa-3257-b754-bbce0b40b5ef');
INSERT INTO ACCOUNT_TRANSACTIONS VALUES ('100005521', '979b7d5d-de2b-38b3-b68b-a83ca8ea77d3');
INSERT INTO ACCOUNT_TRANSACTIONS VALUES ('100000468', 'dd51367e-f836-358b-9d99-917493fce094');
INSERT INTO ACCOUNT_TRANSACTIONS VALUES ('100002396', '4d48fdae-bd2a-348b-889b-29dc003a386c');
INSERT INTO ACCOUNT_TRANSACTIONS VALUES ('100000434', '0b2cec3d-ea07-3890-a11f-89b17e7abfa7');
INSERT INTO ACCOUNT_TRANSACTIONS VALUES ('100000840', 'c08a7849-a4a2-309e-ae91-bfe4e8ee7cb2');
INSERT INTO ACCOUNT_TRANSACTIONS VALUES ('100001785', '99a3e8b6-18b9-3964-b3c4-cba48434e336');
INSERT INTO ACCOUNT_TRANSACTIONS VALUES ('100008774', '1ea3b813-ab8b-34fa-8ce7-9bda53e9be9f');
INSERT INTO ACCOUNT_TRANSACTIONS VALUES ('100009275', '5b71908e-0e22-32da-b441-c22e093157e4');
INSERT INTO ACCOUNT_TRANSACTIONS VALUES ('100006014', 'f99ce172-a893-375e-928e-880c1e23f84c');
INSERT INTO ACCOUNT_TRANSACTIONS VALUES ('100002614', '82c9d83e-5267-3396-ace3-62aef35519f1');
INSERT INTO ACCOUNT_TRANSACTIONS VALUES ('100002091', 'b72006d2-2792-3b3a-9f9b-1a10c022af71');
INSERT INTO ACCOUNT_TRANSACTIONS VALUES ('100006787', '26db07f5-3a10-3b68-8624-6cab9e1eb1f6');
INSERT INTO ACCOUNT_TRANSACTIONS VALUES ('100009706', '4a7c3313-6b1f-3cfd-99d7-81804dc8cd4e');
INSERT INTO ACCOUNT_TRANSACTIONS VALUES ('100004152', 'b62debf7-5d01-37ad-aeee-cc5ac1a73b3d');
INSERT INTO ACCOUNT_TRANSACTIONS VALUES ('100003679', 'e66cbbd2-74b5-33ec-9499-790a7ffb2b38');
INSERT INTO ACCOUNT_TRANSACTIONS VALUES ('100001170', '070aabd0-8ce1-3334-88fc-8e47d869e4b3');
INSERT INTO ACCOUNT_TRANSACTIONS VALUES ('100006032', 'd4da92ee-d0bb-3777-9a76-c2d61b6e39ba');
INSERT INTO ACCOUNT_TRANSACTIONS VALUES ('100006558', '056c9ca5-2138-3a57-957e-d8014b6b4d7e');
INSERT INTO ACCOUNT_TRANSACTIONS VALUES ('100004937', '0dc738ca-e779-3b4c-a010-c9dc9dbc92e9');
INSERT INTO ACCOUNT_TRANSACTIONS VALUES ('100009227', '4ea9bd62-84fb-3649-977c-657e798a5551');
INSERT INTO ACCOUNT_TRANSACTIONS VALUES ('100006635', 'fbc7d32e-7f5a-317b-882f-1686e45e961f');
INSERT INTO ACCOUNT_TRANSACTIONS VALUES ('100004965', '16c1d1e7-c4d9-3764-8563-d2e53c52b46c');
INSERT INTO ACCOUNT_TRANSACTIONS VALUES ('100002560', '91ba3416-6340-34f2-a7b8-5e92240541ad');
INSERT INTO ACCOUNT_TRANSACTIONS VALUES ('100005308', 'bed3f3c1-6ae0-39ee-beb4-a403105d07ba');
INSERT INTO ACCOUNT_TRANSACTIONS VALUES ('100008822', 'dcd5b6e5-4701-36e2-8b0f-23934bb5032b');
INSERT INTO ACCOUNT_TRANSACTIONS VALUES ('100003940', '6f6823bf-aece-398b-bf94-6e6e81dcbca4');
INSERT INTO ACCOUNT_TRANSACTIONS VALUES ('100006935', 'b7c047e8-0e42-39aa-8501-73f8cb6208ec');
INSERT INTO ACCOUNT_TRANSACTIONS VALUES ('100002830', '6862408e-7329-39d8-b456-5ad24f8d7ccd');
INSERT INTO ACCOUNT_TRANSACTIONS VALUES ('100004228', '562895a6-15f0-38e6-95b8-e2cb012f5ff8');
INSERT INTO ACCOUNT_TRANSACTIONS VALUES ('100001859', '15bb72e1-2175-3bcf-b496-437c2a5fced2');
INSERT INTO ACCOUNT_TRANSACTIONS VALUES ('100007000', '9f9c74a7-cc6c-3f51-a17f-f9608c1da428');
INSERT INTO ACCOUNT_TRANSACTIONS VALUES ('100008061', '95b0c1cc-fde6-39dc-bf5f-c4c3d0d9cd95');
INSERT INTO ACCOUNT_TRANSACTIONS VALUES ('100009233', '2dc1ecc1-e686-341b-bbd3-a47762db73ce');
INSERT INTO ACCOUNT_TRANSACTIONS VALUES ('100004782', '6d1cc1c8-7f92-3eed-a7ec-005486eeb514');
INSERT INTO ACCOUNT_TRANSACTIONS VALUES ('100009504', 'f34abc0b-ba0d-39cf-91b7-aa923bd4cbc4');
INSERT INTO ACCOUNT_TRANSACTIONS VALUES ('100006481', 'e7056980-077d-32b9-a9cc-0435fa519206');
INSERT INTO ACCOUNT_TRANSACTIONS VALUES ('100005762', '218a7ee5-f5bf-34c8-acc2-021d9359fba8');
INSERT INTO ACCOUNT_TRANSACTIONS VALUES ('100002225', 'c61effc3-17d0-3e03-ac06-c2456639a669');
INSERT INTO ACCOUNT_TRANSACTIONS VALUES ('100003819', '7341e990-31b0-389d-b5ae-ded0a66440b3');
INSERT INTO ACCOUNT_TRANSACTIONS VALUES ('100001580', '66dc38b9-e858-3d36-b71c-7e293a22b18a');
INSERT INTO ACCOUNT_TRANSACTIONS VALUES ('100009387', 'c2c9dbc4-03af-3721-857a-1c1641dff58f');
INSERT INTO ACCOUNT_TRANSACTIONS VALUES ('100008150', 'e39bd512-83e6-349f-922e-fee732003f67');
INSERT INTO ACCOUNT_TRANSACTIONS VALUES ('100001853', '579e1ae6-75b8-3698-8f56-0de95609611d');
INSERT INTO ACCOUNT_TRANSACTIONS VALUES ('100007344', '4896d4a5-73fb-3f24-b519-91094242fdb1');
INSERT INTO ACCOUNT_TRANSACTIONS VALUES ('100002739', '5d16b1dc-4593-3f14-a94a-a3e22b50d7c1');
INSERT INTO ACCOUNT_TRANSACTIONS VALUES ('100000914', '08ef1f3d-0830-3edd-bda6-86b3d6d0b726');
INSERT INTO ACCOUNT_TRANSACTIONS VALUES ('100004773', 'fd242022-7606-38c9-8dcb-7d8f0a62a08a');
INSERT INTO ACCOUNT_TRANSACTIONS VALUES ('100006486', 'ceadd829-7bf1-311e-bb95-3f4b9a395eac');
INSERT INTO ACCOUNT_TRANSACTIONS VALUES ('100008747', 'e9c21bad-4e85-3922-874f-cc0995ab58f4');
INSERT INTO ACCOUNT_TRANSACTIONS VALUES ('100000616', 'ac7e037b-2f78-31a2-aae1-e508991dd827');
INSERT INTO ACCOUNT_TRANSACTIONS VALUES ('100005833', '04d69084-9714-310b-895c-b25c31992755');
INSERT INTO ACCOUNT_TRANSACTIONS VALUES ('100003055', '2c4a2bb7-beac-3d4d-980c-44b27707f801');
INSERT INTO ACCOUNT_TRANSACTIONS VALUES ('100000021', '31cdca20-8234-35ed-bcf1-dd7e3a0a3f7e');
INSERT INTO ACCOUNT_TRANSACTIONS VALUES ('100004607', 'e7a6301c-2272-3c1f-88c4-8f921983072e');
INSERT INTO ACCOUNT_TRANSACTIONS VALUES ('100009613', 'feebed54-13a1-3081-ba85-98fa49495d27');
INSERT INTO ACCOUNT_TRANSACTIONS VALUES ('100001842', '095ce40c-9262-316c-b590-d59124372dab');
INSERT INTO ACCOUNT_TRANSACTIONS VALUES ('100007139', 'bf9f8272-7e80-38f7-a6b8-dae173b08ab9');
INSERT INTO ACCOUNT_TRANSACTIONS VALUES ('100006354', '7268c433-fea6-30fd-a0e9-c412faf7ba56');
INSERT INTO ACCOUNT_TRANSACTIONS VALUES ('100000233', '93cfe5ef-bd51-319b-92c9-8b3d4e8e75ce');
INSERT INTO ACCOUNT_TRANSACTIONS VALUES ('100001188', '38d2cde0-5935-3652-9480-390274af5b62');
INSERT INTO ACCOUNT_TRANSACTIONS VALUES ('100007209', 'fa238bd6-2c41-303c-87ae-85aa63029fb3');
INSERT INTO ACCOUNT_TRANSACTIONS VALUES ('100001012', 'acdb6749-7590-328f-8dc2-185164f6dc0f');
INSERT INTO ACCOUNT_TRANSACTIONS VALUES ('100008991', '861b7c94-aefd-3e2e-8789-68e97eb66a7f');
INSERT INTO ACCOUNT_TRANSACTIONS VALUES ('100007965', '636d36a2-314e-3dbc-9719-b3f67eb14035');
INSERT INTO ACCOUNT_TRANSACTIONS VALUES ('100000167', 'dd2ca2ff-fc8b-3630-a1a9-beb7fe54297b');
INSERT INTO ACCOUNT_TRANSACTIONS VALUES ('100000095', 'cf6cc6d9-d1c5-3220-8be9-4af6d4b8c633');
INSERT INTO ACCOUNT_TRANSACTIONS VALUES ('100000005', 'a85b9b38-77b8-3bcc-bc4d-391c2fec0f46');
INSERT INTO ACCOUNT_TRANSACTIONS VALUES ('100003479', '92178009-ce45-36e1-9a4d-8d717ae8735c');
INSERT INTO ACCOUNT_TRANSACTIONS VALUES ('100001671', '457c284a-150b-3ef3-9a1c-8c144a3bb476');
INSERT INTO ACCOUNT_TRANSACTIONS VALUES ('100005734', '584ea186-9270-355f-a764-b5ad25e80dcb');
INSERT INTO ACCOUNT_TRANSACTIONS VALUES ('100002827', '6f3ad6f2-b914-3383-bf1b-8a7a63fc6e81');
INSERT INTO ACCOUNT_TRANSACTIONS VALUES ('100009221', 'd005a2ea-d054-32f2-bbea-1e0065665de1');
INSERT INTO ACCOUNT_TRANSACTIONS VALUES ('100007077', 'cea83fbf-976e-3a84-bb3a-bedcd22f4388');
INSERT INTO ACCOUNT_TRANSACTIONS VALUES ('100000272', '709217bb-a13f-3bae-8435-a4207cb45d65');
INSERT INTO ACCOUNT_TRANSACTIONS VALUES ('100004094', 'fd11ad74-1dff-3cc0-a165-8957b98686e0');
INSERT INTO ACCOUNT_TRANSACTIONS VALUES ('100006015', '8194d32e-0a32-396b-924d-b6526eb20425');
INSERT INTO ACCOUNT_TRANSACTIONS VALUES ('100003847', 'f95f18a3-c41e-3eff-a16b-9975fd16a932');
INSERT INTO ACCOUNT_TRANSACTIONS VALUES ('100006284', 'c40f4799-ba15-336f-8761-4b84388ea827');
INSERT INTO ACCOUNT_TRANSACTIONS VALUES ('100004419', '3715bef5-d673-32df-8378-6fa4e0adc0a0');
INSERT INTO ACCOUNT_TRANSACTIONS VALUES ('100004588', '9cdb7460-cac3-3052-b8e6-d407a19d4bef');
INSERT INTO ACCOUNT_TRANSACTIONS VALUES ('100002431', '6c0d4e8e-4131-31ec-989e-d5e257d34aa5');
INSERT INTO ACCOUNT_TRANSACTIONS VALUES ('100006841', '4d7ac201-7553-3977-a922-e29b83456ee4');
INSERT INTO ACCOUNT_TRANSACTIONS VALUES ('100009728', 'b09560d9-1220-3111-9771-af84cee83078');
INSERT INTO ACCOUNT_TRANSACTIONS VALUES ('100007688', 'aedefe07-896a-3f96-b2f9-83377d771382');
INSERT INTO ACCOUNT_TRANSACTIONS VALUES ('100002898', 'cfbaeeb7-2e56-346e-9220-4ef431af5145');
INSERT INTO ACCOUNT_TRANSACTIONS VALUES ('100007766', '229e5d76-9eb4-3f38-b5d9-a7a9eb2ebbda');
INSERT INTO ACCOUNT_TRANSACTIONS VALUES ('100001070', 'f984afc6-502f-3760-a1e3-3004f4150e1b');
INSERT INTO ACCOUNT_TRANSACTIONS VALUES ('100004985', '8b9d3520-47e8-33d7-8b75-93b29f1744bb');
INSERT INTO ACCOUNT_TRANSACTIONS VALUES ('100001408', '59d4c998-04da-36b7-a4e7-e03fd53d70f0');
INSERT INTO ACCOUNT_TRANSACTIONS VALUES ('100009587', '7f1ee439-43a7-3682-89a0-253441c77ab8');
INSERT INTO ACCOUNT_TRANSACTIONS VALUES ('100006918', '4f447504-9e3f-370a-8ec8-4cff075d2c2a');
INSERT INTO ACCOUNT_TRANSACTIONS VALUES ('100003865', 'eff0e58a-d0aa-350e-beab-cee6d0af5a7f');
INSERT INTO ACCOUNT_TRANSACTIONS VALUES ('100000243', 'afde6bbd-7a08-3eef-b6cf-fbb0267d53c7');
INSERT INTO ACCOUNT_TRANSACTIONS VALUES ('100003962', 'e992b20f-6844-3576-acf8-642e1f0ab214');
INSERT INTO ACCOUNT_TRANSACTIONS VALUES ('100005208', '63aef1fd-237a-3950-a848-55382a783685');
INSERT INTO ACCOUNT_TRANSACTIONS VALUES ('100006646', '5f6017d3-9011-3e89-a35c-a6a640bbea0f');
INSERT INTO ACCOUNT_TRANSACTIONS VALUES ('100004747', '5c5478dd-0d70-389f-9bc4-38afd0ec9e81');
INSERT INTO ACCOUNT_TRANSACTIONS VALUES ('100004759', '37e47ffe-bc43-3d5d-a888-a74e74827a95');
INSERT INTO ACCOUNT_TRANSACTIONS VALUES ('100005901', '9396ae62-f2a9-35e2-bacc-e7983a0ca444');
INSERT INTO ACCOUNT_TRANSACTIONS VALUES ('100003511', '730a1d8d-1177-3c1c-95ab-4260d6d5eed2');
INSERT INTO ACCOUNT_TRANSACTIONS VALUES ('100005521', 'd35f71c9-cba8-3a46-a51b-fe9a32027ce1');
INSERT INTO ACCOUNT_TRANSACTIONS VALUES ('100000468', 'f036b493-6aed-33b6-8633-ba80d8285f13');
INSERT INTO ACCOUNT_TRANSACTIONS VALUES ('100002396', 'd7dceabb-73f2-3cfd-8777-af82b2ba9594');
INSERT INTO ACCOUNT_TRANSACTIONS VALUES ('100000434', '97b93ed2-d427-342d-b880-fb850b9f73ad');
INSERT INTO ACCOUNT_TRANSACTIONS VALUES ('100000840', 'd2c65ce9-8d23-38e8-bb98-0fecc0096127');
INSERT INTO ACCOUNT_TRANSACTIONS VALUES ('100001785', '3fb3f728-ffa8-389c-9db2-616c26ce1af9');
INSERT INTO ACCOUNT_TRANSACTIONS VALUES ('100008774', 'fbd9daf4-37df-38bd-8b6e-6f81cff1e2ca');
INSERT INTO ACCOUNT_TRANSACTIONS VALUES ('100007000', 'dbd3de97-0b74-30e2-9f7a-746ab3b245f7');
INSERT INTO ACCOUNT_TRANSACTIONS VALUES ('100009221', '4ba42221-ea30-3b4d-b483-dc94b9d9a53a');
INSERT INTO ACCOUNT_TRANSACTIONS VALUES ('100005833', '12379bd0-87dc-3185-af72-6154adf62b7d');
INSERT INTO ACCOUNT_TRANSACTIONS VALUES ('100003479', 'fffe1285-e360-3f7f-b0d5-c9799014c435');
INSERT INTO ACCOUNT_TRANSACTIONS VALUES ('100009387', '92baf63c-e4f6-3533-a6f2-b448607895fb');
INSERT INTO ACCOUNT_TRANSACTIONS VALUES ('100006646', 'b8461d68-5d69-3d24-8c86-4f5113e84914');
INSERT INTO ACCOUNT_TRANSACTIONS VALUES ('100002091', '324026d2-1d39-3619-8c15-894d01e1a2a2');
INSERT INTO ACCOUNT_TRANSACTIONS VALUES ('100004228', '97ba3c2e-384b-3be1-8e12-559c125ca976');
INSERT INTO ACCOUNT_TRANSACTIONS VALUES ('100006014', 'fe801bb7-a461-360e-b98c-1a105a10f900');
INSERT INTO ACCOUNT_TRANSACTIONS VALUES ('100001188', '187a6c66-e57d-3558-b41f-8863ba1563ff');
INSERT INTO ACCOUNT_TRANSACTIONS VALUES ('100008991', '1e61bf3a-e81d-348c-98b0-edeb5dbdab70');
INSERT INTO ACCOUNT_TRANSACTIONS VALUES ('100000468', '207e9e9e-36e5-3b36-a0e5-039258681397');
INSERT INTO ACCOUNT_TRANSACTIONS VALUES ('100005521', '036e7971-e0ac-315a-a147-39b9e3c48f53');
INSERT INTO ACCOUNT_TRANSACTIONS VALUES ('100002614', 'e8fb3ede-ff6b-3923-aa6e-d60d630db8c1');
INSERT INTO ACCOUNT_TRANSACTIONS VALUES ('100001580', 'da731eb8-dd74-3f44-9d34-ce27843cbdf7');
INSERT INTO ACCOUNT_TRANSACTIONS VALUES ('100002560', '6e7784fc-06d5-36b0-a560-8d50055163bf');
INSERT INTO ACCOUNT_TRANSACTIONS VALUES ('100007139', '3a13bbd5-7a70-35ec-903d-4bae0b6e3222');
INSERT INTO ACCOUNT_TRANSACTIONS VALUES ('100009613', '8293ef27-ff5e-3acd-abe9-15ca53f9eafc');
INSERT INTO ACCOUNT_TRANSACTIONS VALUES ('100005734', 'c4e2ab21-4bef-3d88-935a-763885c13ec0');
INSERT INTO ACCOUNT_TRANSACTIONS VALUES ('100003819', '2f5d15d1-1781-3675-bdcc-d57d141c8043');
INSERT INTO ACCOUNT_TRANSACTIONS VALUES ('100005762', '02c5a3fd-960d-329d-9108-bf2071a2979f');
INSERT INTO ACCOUNT_TRANSACTIONS VALUES ('100004965', '832aac25-7610-3739-aadf-ddb397cae90d');
INSERT INTO ACCOUNT_TRANSACTIONS VALUES ('100004419', '95bca9fe-e637-3707-a84e-a20f11a89899');
INSERT INTO ACCOUNT_TRANSACTIONS VALUES ('100009275', '817ecc66-8c5c-36fd-bb9d-a5f7fa5b9746');
INSERT INTO ACCOUNT_TRANSACTIONS VALUES ('100009728', '4e75bab8-5fc0-39ae-8bc7-5a233a8eb758');
INSERT INTO ACCOUNT_TRANSACTIONS VALUES ('100001842', '61178d1a-0739-34ad-b4eb-bee2f98157f2');
INSERT INTO ACCOUNT_TRANSACTIONS VALUES ('100000233', 'e477862a-2336-39b3-a3be-66bfaa7d0cad');
INSERT INTO ACCOUNT_TRANSACTIONS VALUES ('100001859', '09d5414a-db51-32f6-b966-c2c05c57abe8');
INSERT INTO ACCOUNT_TRANSACTIONS VALUES ('100004094', '9678388f-a860-306f-b4bb-561989fccb2c');
INSERT INTO ACCOUNT_TRANSACTIONS VALUES ('100000095', 'd722f908-a01e-32d3-a693-a2a5a270e654');
INSERT INTO ACCOUNT_TRANSACTIONS VALUES ('100009706', '1c2a8619-8639-3225-9cf1-a29006d1721c');
INSERT INTO ACCOUNT_TRANSACTIONS VALUES ('100001853', '2474431d-2da8-3640-a9ff-50eedb891cc4');
INSERT INTO ACCOUNT_TRANSACTIONS VALUES ('100000840', 'ccbc7d4e-06a6-3fe9-bde6-f6a816b3282f');
INSERT INTO ACCOUNT_TRANSACTIONS VALUES ('100000243', 'db768e27-d0ac-3c97-8e17-cac4d5cfd4fb');
INSERT INTO ACCOUNT_TRANSACTIONS VALUES ('100004985', '47a618ac-cbbe-3e27-a923-a0b6f9835ef2');
INSERT INTO ACCOUNT_TRANSACTIONS VALUES ('100003962', '4b1dc0b4-f7fe-3073-8a35-6721b52621eb');
INSERT INTO ACCOUNT_TRANSACTIONS VALUES ('100002396', '7da34af0-5729-32e1-9aa4-041f5cf17948');
INSERT INTO ACCOUNT_TRANSACTIONS VALUES ('100000021', '472c0d2b-0e21-32f0-9e8a-bb83580f8085');
INSERT INTO ACCOUNT_TRANSACTIONS VALUES ('100008822', '57dc2bcb-84e8-3908-9bc4-80a5373c0ca4');
INSERT INTO ACCOUNT_TRANSACTIONS VALUES ('100006284', '61c15855-9142-34ec-a6ab-3e340992aaf5');
INSERT INTO ACCOUNT_TRANSACTIONS VALUES ('100009233', 'a1d434b4-f7d2-3735-8c94-4f8cbcc6d951');
INSERT INTO ACCOUNT_TRANSACTIONS VALUES ('100003847', 'fa165e80-752d-3553-aca8-23a7c01b8370');
INSERT INTO ACCOUNT_TRANSACTIONS VALUES ('100004937', 'f8d13a63-d45f-334c-b284-2d8812ffee35');
INSERT INTO ACCOUNT_TRANSACTIONS VALUES ('100000005', 'c868e00c-39a7-3572-9e78-d31b2f8bd870');
INSERT INTO ACCOUNT_TRANSACTIONS VALUES ('100004782', 'a6549fd2-a172-34bb-9d9e-6f2bc7b2a8e1');
INSERT INTO ACCOUNT_TRANSACTIONS VALUES ('100009504', 'e3450863-6c05-3658-a0c5-33a14f8dd66b');
INSERT INTO ACCOUNT_TRANSACTIONS VALUES ('100002431', 'f5bc2c6c-9bb0-3053-8bd3-6003881e31e5');
INSERT INTO ACCOUNT_TRANSACTIONS VALUES ('100000167', 'e75ad92e-ddd5-3feb-be84-1f24ed31ec0b');
INSERT INTO ACCOUNT_TRANSACTIONS VALUES ('100003679', '472f6fa3-89cb-392e-96ea-99e9600888b9');
INSERT INTO ACCOUNT_TRANSACTIONS VALUES ('100006558', '5d7de5d1-7298-33c7-a68a-f490f7fc5728');
INSERT INTO ACCOUNT_TRANSACTIONS VALUES ('100004607', '071031e6-8539-3d27-8dfd-99aa62f8c599');
INSERT INTO ACCOUNT_TRANSACTIONS VALUES ('100006787', '0abcbb7b-6df9-36fc-bd74-8ccb860b4210');
INSERT INTO ACCOUNT_TRANSACTIONS VALUES ('100004588', 'ab392bf9-59a2-3bb2-8cc7-5ab402f26f69');
INSERT INTO ACCOUNT_TRANSACTIONS VALUES ('100009227', '167980d3-13e0-3a79-9635-1595067ec1e5');
INSERT INTO ACCOUNT_TRANSACTIONS VALUES ('100007209', '27b66b48-4f32-3ddf-a08d-a12efb9d0ad3');
INSERT INTO ACCOUNT_TRANSACTIONS VALUES ('100004759', '9372ebba-fd22-3957-8854-563ec7bf7946');
INSERT INTO ACCOUNT_TRANSACTIONS VALUES ('100000272', '3371424f-8009-381d-b8a1-add0dd9447f4');
INSERT INTO ACCOUNT_TRANSACTIONS VALUES ('100002830', '26f9df7a-7477-3da0-aa38-5ec120abb85a');
INSERT INTO ACCOUNT_TRANSACTIONS VALUES ('100001671', '45497e9e-cbc6-30fa-8cde-b5608e4037a8');
INSERT INTO ACCOUNT_TRANSACTIONS VALUES ('100004773', '93045f6a-e65b-3743-ac22-34703c1b84c1');
INSERT INTO ACCOUNT_TRANSACTIONS VALUES ('100003940', 'cce6c4af-c10b-33a6-ac9c-19a58bebd30c');
INSERT INTO ACCOUNT_TRANSACTIONS VALUES ('100005208', '49c9b8f9-2dfd-3c59-a10c-3c81242fd953');
INSERT INTO ACCOUNT_TRANSACTIONS VALUES ('100007344', 'f6164059-ad14-3ba2-b1c3-70a9958f97af');
INSERT INTO ACCOUNT_TRANSACTIONS VALUES ('100004152', 'f8a4fa41-22a5-3471-98ea-295217ceb049');
INSERT INTO ACCOUNT_TRANSACTIONS VALUES ('100006486', '30da195a-9d8d-380f-8716-7c704447f3f8');
INSERT INTO ACCOUNT_TRANSACTIONS VALUES ('100004747', 'bc266233-b9f4-31df-8189-e68ed283228c');
INSERT INTO ACCOUNT_TRANSACTIONS VALUES ('100006841', '176fda6e-7b91-3e8d-810e-74e8c10314b2');
INSERT INTO ACCOUNT_TRANSACTIONS VALUES ('100006015', 'aa33d0a9-af43-3aef-9a72-bfda9184d024');
INSERT INTO ACCOUNT_TRANSACTIONS VALUES ('100006354', 'f8d55616-7372-3efd-9e76-c935f78df5a9');
INSERT INTO ACCOUNT_TRANSACTIONS VALUES ('100000434', '62d8304c-b082-3a85-8b1c-a003b9f5d2f7');
INSERT INTO ACCOUNT_TRANSACTIONS VALUES ('100001070', '84f9cc33-4f86-3a06-bda4-325c8a69f023');
INSERT INTO ACCOUNT_TRANSACTIONS VALUES ('100006918', '8e2a136f-1c8a-3866-a833-35fdbd363b5b');
INSERT INTO ACCOUNT_TRANSACTIONS VALUES ('100006935', 'a4d4bf99-b3d2-331e-90f3-4f6b51882633');
INSERT INTO ACCOUNT_TRANSACTIONS VALUES ('100001170', 'cdbf2cfe-f32f-3af2-b040-2f9e81e1881e');
INSERT INTO ACCOUNT_TRANSACTIONS VALUES ('100000914', '8e84123a-375f-3954-88ec-142b33fbc0a2');
INSERT INTO ACCOUNT_TRANSACTIONS VALUES ('100007965', '81863b7d-c064-3dfd-b987-1701f40b08ed');
INSERT INTO ACCOUNT_TRANSACTIONS VALUES ('100005901', '38f8b32c-5365-3535-a4cf-5c4ab8fb3789');
INSERT INTO ACCOUNT_TRANSACTIONS VALUES ('100000616', '0918b8ae-10d8-31d7-8a00-abe9a70bfb61');
INSERT INTO ACCOUNT_TRANSACTIONS VALUES ('100008150', '56d6d03f-bcb0-3050-a798-759e0ad36098');
INSERT INTO ACCOUNT_TRANSACTIONS VALUES ('100001785', 'a7798754-f0c5-3012-b10c-ff6b7b3eb03d');
INSERT INTO ACCOUNT_TRANSACTIONS VALUES ('100007688', 'e47f6b8f-f0c1-3435-97c4-4561a909d301');
INSERT INTO ACCOUNT_TRANSACTIONS VALUES ('100008061', '1912b006-e399-32f4-b4a7-e244d88421bd');
INSERT INTO ACCOUNT_TRANSACTIONS VALUES ('100007766', 'cae14276-4fb4-3e6d-983b-13913c54b951');
INSERT INTO ACCOUNT_TRANSACTIONS VALUES ('100003055', 'e7c437cc-fcc6-33d4-8280-08bac3564763');
INSERT INTO ACCOUNT_TRANSACTIONS VALUES ('100009587', '1d8ced4f-2653-3495-9db6-ee412b372fa7');
INSERT INTO ACCOUNT_TRANSACTIONS VALUES ('100001408', 'bd97d30c-3cf2-31c0-ab20-a58401ef7e27');
INSERT INTO ACCOUNT_TRANSACTIONS VALUES ('100002827', '6917d243-2e37-398e-8200-920be1895924');
INSERT INTO ACCOUNT_TRANSACTIONS VALUES ('100002898', 'b12cbfe0-c687-3d2e-ae84-259dcc770fda');
INSERT INTO ACCOUNT_TRANSACTIONS VALUES ('100005308', 'fd7c6ef6-f2dd-3b72-b21b-d9202e7286f6');
INSERT INTO ACCOUNT_TRANSACTIONS VALUES ('100006635', 'df618d07-e23a-3467-a65e-2189186e044b');
INSERT INTO ACCOUNT_TRANSACTIONS VALUES ('100002225', '54f74a39-c6a4-3a8c-88eb-a310da974325');
INSERT INTO ACCOUNT_TRANSACTIONS VALUES ('100001012', '3acffc7f-91be-393e-a6e3-838df2f426df');
INSERT INTO ACCOUNT_TRANSACTIONS VALUES ('100003865', 'c2c0c166-a2fa-3257-b754-bbce0b40b5ef');
INSERT INTO ACCOUNT_TRANSACTIONS VALUES ('100008747', '979b7d5d-de2b-38b3-b68b-a83ca8ea77d3');
INSERT INTO ACCOUNT_TRANSACTIONS VALUES ('100006481', 'dd51367e-f836-358b-9d99-917493fce094');
INSERT INTO ACCOUNT_TRANSACTIONS VALUES ('100003511', '4d48fdae-bd2a-348b-889b-29dc003a386c');
INSERT INTO ACCOUNT_TRANSACTIONS VALUES ('100006032', '0b2cec3d-ea07-3890-a11f-89b17e7abfa7');
INSERT INTO ACCOUNT_TRANSACTIONS VALUES ('100002739', 'c08a7849-a4a2-309e-ae91-bfe4e8ee7cb2');
INSERT INTO ACCOUNT_TRANSACTIONS VALUES ('100008774', '99a3e8b6-18b9-3964-b3c4-cba48434e336');
INSERT INTO ACCOUNT_TRANSACTIONS VALUES ('100007077', '1ea3b813-ab8b-34fa-8ce7-9bda53e9be9f');
INSERT INTO ACCOUNT_TRANSACTIONS VALUES ('100007766', '5b71908e-0e22-32da-b441-c22e093157e4');
INSERT INTO ACCOUNT_TRANSACTIONS VALUES ('100002827', 'f99ce172-a893-375e-928e-880c1e23f84c');
INSERT INTO ACCOUNT_TRANSACTIONS VALUES ('100001580', '82c9d83e-5267-3396-ace3-62aef35519f1');
INSERT INTO ACCOUNT_TRANSACTIONS VALUES ('100002560', 'b72006d2-2792-3b3a-9f9b-1a10c022af71');
INSERT INTO ACCOUNT_TRANSACTIONS VALUES ('100004094', '26db07f5-3a10-3b68-8624-6cab9e1eb1f6');
INSERT INTO ACCOUNT_TRANSACTIONS VALUES ('100001785', '4a7c3313-6b1f-3cfd-99d7-81804dc8cd4e');
INSERT INTO ACCOUNT_TRANSACTIONS VALUES ('100007000', 'b62debf7-5d01-37ad-aeee-cc5ac1a73b3d');
INSERT INTO ACCOUNT_TRANSACTIONS VALUES ('100006918', 'e66cbbd2-74b5-33ec-9499-790a7ffb2b38');
INSERT INTO ACCOUNT_TRANSACTIONS VALUES ('100007077', '070aabd0-8ce1-3334-88fc-8e47d869e4b3');
INSERT INTO ACCOUNT_TRANSACTIONS VALUES ('100006646', 'd4da92ee-d0bb-3777-9a76-c2d61b6e39ba');
INSERT INTO ACCOUNT_TRANSACTIONS VALUES ('100006354', '056c9ca5-2138-3a57-957e-d8014b6b4d7e');
INSERT INTO ACCOUNT_TRANSACTIONS VALUES ('100005521', '0dc738ca-e779-3b4c-a010-c9dc9dbc92e9');
INSERT INTO ACCOUNT_TRANSACTIONS VALUES ('100000233', '4ea9bd62-84fb-3649-977c-657e798a5551');
INSERT INTO ACCOUNT_TRANSACTIONS VALUES ('100008774', 'fbc7d32e-7f5a-317b-882f-1686e45e961f');
INSERT INTO ACCOUNT_TRANSACTIONS VALUES ('100007209', '16c1d1e7-c4d9-3764-8563-d2e53c52b46c');
INSERT INTO ACCOUNT_TRANSACTIONS VALUES ('100002898', '91ba3416-6340-34f2-a7b8-5e92240541ad');
INSERT INTO ACCOUNT_TRANSACTIONS VALUES ('100000840', 'bed3f3c1-6ae0-39ee-beb4-a403105d07ba');
INSERT INTO ACCOUNT_TRANSACTIONS VALUES ('100001408', 'dcd5b6e5-4701-36e2-8b0f-23934bb5032b');
INSERT INTO ACCOUNT_TRANSACTIONS VALUES ('100002396', '6f6823bf-aece-398b-bf94-6e6e81dcbca4');
INSERT INTO ACCOUNT_TRANSACTIONS VALUES ('100009587', 'b7c047e8-0e42-39aa-8501-73f8cb6208ec');
INSERT INTO ACCOUNT_TRANSACTIONS VALUES ('100007344', '6862408e-7329-39d8-b456-5ad24f8d7ccd');
INSERT INTO ACCOUNT_TRANSACTIONS VALUES ('100005208', '562895a6-15f0-38e6-95b8-e2cb012f5ff8');
INSERT INTO ACCOUNT_TRANSACTIONS VALUES ('100004985', '15bb72e1-2175-3bcf-b496-437c2a5fced2');
INSERT INTO ACCOUNT_TRANSACTIONS VALUES ('100006284', '9f9c74a7-cc6c-3f51-a17f-f9608c1da428');
INSERT INTO ACCOUNT_TRANSACTIONS VALUES ('100006486', '95b0c1cc-fde6-39dc-bf5f-c4c3d0d9cd95');
INSERT INTO ACCOUNT_TRANSACTIONS VALUES ('100006032', '2dc1ecc1-e686-341b-bbd3-a47762db73ce');
INSERT INTO ACCOUNT_TRANSACTIONS VALUES ('100000095', '6d1cc1c8-7f92-3eed-a7ec-005486eeb514');
INSERT INTO ACCOUNT_TRANSACTIONS VALUES ('100000272', 'f34abc0b-ba0d-39cf-91b7-aa923bd4cbc4');
INSERT INTO ACCOUNT_TRANSACTIONS VALUES ('100002431', 'e7056980-077d-32b9-a9cc-0435fa519206');
INSERT INTO ACCOUNT_TRANSACTIONS VALUES ('100000914', '218a7ee5-f5bf-34c8-acc2-021d9359fba8');
INSERT INTO ACCOUNT_TRANSACTIONS VALUES ('100003819', 'c61effc3-17d0-3e03-ac06-c2456639a669');
INSERT INTO ACCOUNT_TRANSACTIONS VALUES ('100003055', '7341e990-31b0-389d-b5ae-ded0a66440b3');
INSERT INTO ACCOUNT_TRANSACTIONS VALUES ('100009221', '66dc38b9-e858-3d36-b71c-7e293a22b18a');
INSERT INTO ACCOUNT_TRANSACTIONS VALUES ('100000243', 'c2c9dbc4-03af-3721-857a-1c1641dff58f');
INSERT INTO ACCOUNT_TRANSACTIONS VALUES ('100002830', 'e39bd512-83e6-349f-922e-fee732003f67');
INSERT INTO ACCOUNT_TRANSACTIONS VALUES ('100009728', '579e1ae6-75b8-3698-8f56-0de95609611d');
INSERT INTO ACCOUNT_TRANSACTIONS VALUES ('100003962', '4896d4a5-73fb-3f24-b519-91094242fdb1');
INSERT INTO ACCOUNT_TRANSACTIONS VALUES ('100008150', '5d16b1dc-4593-3f14-a94a-a3e22b50d7c1');
INSERT INTO ACCOUNT_TRANSACTIONS VALUES ('100007139', '08ef1f3d-0830-3edd-bda6-86b3d6d0b726');
INSERT INTO ACCOUNT_TRANSACTIONS VALUES ('100004782', 'fd242022-7606-38c9-8dcb-7d8f0a62a08a');
INSERT INTO ACCOUNT_TRANSACTIONS VALUES ('100009706', 'ceadd829-7bf1-311e-bb95-3f4b9a395eac');
INSERT INTO ACCOUNT_TRANSACTIONS VALUES ('100009227', 'e9c21bad-4e85-3922-874f-cc0995ab58f4');
INSERT INTO ACCOUNT_TRANSACTIONS VALUES ('100002091', 'ac7e037b-2f78-31a2-aae1-e508991dd827');
INSERT INTO ACCOUNT_TRANSACTIONS VALUES ('100007965', '04d69084-9714-310b-895c-b25c31992755');
INSERT INTO ACCOUNT_TRANSACTIONS VALUES ('100009233', '2c4a2bb7-beac-3d4d-980c-44b27707f801');
INSERT INTO ACCOUNT_TRANSACTIONS VALUES ('100002225', '31cdca20-8234-35ed-bcf1-dd7e3a0a3f7e');
INSERT INTO ACCOUNT_TRANSACTIONS VALUES ('100006935', 'e7a6301c-2272-3c1f-88c4-8f921983072e');
INSERT INTO ACCOUNT_TRANSACTIONS VALUES ('100003865', 'feebed54-13a1-3081-ba85-98fa49495d27');
INSERT INTO ACCOUNT_TRANSACTIONS VALUES ('100005901', '095ce40c-9262-316c-b590-d59124372dab');
INSERT INTO ACCOUNT_TRANSACTIONS VALUES ('100001853', 'bf9f8272-7e80-38f7-a6b8-dae173b08ab9');
INSERT INTO ACCOUNT_TRANSACTIONS VALUES ('100004965', '7268c433-fea6-30fd-a0e9-c412faf7ba56');
INSERT INTO ACCOUNT_TRANSACTIONS VALUES ('100006015', '93cfe5ef-bd51-319b-92c9-8b3d4e8e75ce');
INSERT INTO ACCOUNT_TRANSACTIONS VALUES ('100006635', '38d2cde0-5935-3652-9480-390274af5b62');
INSERT INTO ACCOUNT_TRANSACTIONS VALUES ('100004607', 'fa238bd6-2c41-303c-87ae-85aa63029fb3');
INSERT INTO ACCOUNT_TRANSACTIONS VALUES ('100000434', 'acdb6749-7590-328f-8dc2-185164f6dc0f');
INSERT INTO ACCOUNT_TRANSACTIONS VALUES ('100000005', '861b7c94-aefd-3e2e-8789-68e97eb66a7f');
INSERT INTO ACCOUNT_TRANSACTIONS VALUES ('100004152', '636d36a2-314e-3dbc-9719-b3f67eb14035');
INSERT INTO ACCOUNT_TRANSACTIONS VALUES ('100006481', 'dd2ca2ff-fc8b-3630-a1a9-beb7fe54297b');
INSERT INTO ACCOUNT_TRANSACTIONS VALUES ('100008061', 'cf6cc6d9-d1c5-3220-8be9-4af6d4b8c633');
INSERT INTO ACCOUNT_TRANSACTIONS VALUES ('100005762', 'a85b9b38-77b8-3bcc-bc4d-391c2fec0f46');
INSERT INTO ACCOUNT_TRANSACTIONS VALUES ('100001671', '92178009-ce45-36e1-9a4d-8d717ae8735c');
INSERT INTO ACCOUNT_TRANSACTIONS VALUES ('100004747', '457c284a-150b-3ef3-9a1c-8c144a3bb476');
INSERT INTO ACCOUNT_TRANSACTIONS VALUES ('100001859', '584ea186-9270-355f-a764-b5ad25e80dcb');
INSERT INTO ACCOUNT_TRANSACTIONS VALUES ('100009504', '6f3ad6f2-b914-3383-bf1b-8a7a63fc6e81');
INSERT INTO ACCOUNT_TRANSACTIONS VALUES ('100005308', 'd005a2ea-d054-32f2-bbea-1e0065665de1');
INSERT INTO ACCOUNT_TRANSACTIONS VALUES ('100009275', 'cea83fbf-976e-3a84-bb3a-bedcd22f4388');
INSERT INTO ACCOUNT_TRANSACTIONS VALUES ('100005833', '709217bb-a13f-3bae-8435-a4207cb45d65');
INSERT INTO ACCOUNT_TRANSACTIONS VALUES ('100000616', 'fd11ad74-1dff-3cc0-a165-8957b98686e0');
INSERT INTO ACCOUNT_TRANSACTIONS VALUES ('100008822', '8194d32e-0a32-396b-924d-b6526eb20425');
INSERT INTO ACCOUNT_TRANSACTIONS VALUES ('100004588', 'f95f18a3-c41e-3eff-a16b-9975fd16a932');
INSERT INTO ACCOUNT_TRANSACTIONS VALUES ('100006841', 'c40f4799-ba15-336f-8761-4b84388ea827');
INSERT INTO ACCOUNT_TRANSACTIONS VALUES ('100008991', '3715bef5-d673-32df-8378-6fa4e0adc0a0');
INSERT INTO ACCOUNT_TRANSACTIONS VALUES ('100000167', '9cdb7460-cac3-3052-b8e6-d407a19d4bef');
INSERT INTO ACCOUNT_TRANSACTIONS VALUES ('100006787', '6c0d4e8e-4131-31ec-989e-d5e257d34aa5');
INSERT INTO ACCOUNT_TRANSACTIONS VALUES ('100009387', '4d7ac201-7553-3977-a922-e29b83456ee4');
INSERT INTO ACCOUNT_TRANSACTIONS VALUES ('100000468', 'b09560d9-1220-3111-9771-af84cee83078');
INSERT INTO ACCOUNT_TRANSACTIONS VALUES ('100000021', 'aedefe07-896a-3f96-b2f9-83377d771382');
INSERT INTO ACCOUNT_TRANSACTIONS VALUES ('100003511', 'cfbaeeb7-2e56-346e-9220-4ef431af5145');
INSERT INTO ACCOUNT_TRANSACTIONS VALUES ('100005734', '229e5d76-9eb4-3f38-b5d9-a7a9eb2ebbda');
INSERT INTO ACCOUNT_TRANSACTIONS VALUES ('100001070', 'f984afc6-502f-3760-a1e3-3004f4150e1b');
INSERT INTO ACCOUNT_TRANSACTIONS VALUES ('100004773', '8b9d3520-47e8-33d7-8b75-93b29f1744bb');
INSERT INTO ACCOUNT_TRANSACTIONS VALUES ('100003479', '59d4c998-04da-36b7-a4e7-e03fd53d70f0');
INSERT INTO ACCOUNT_TRANSACTIONS VALUES ('100008747', '7f1ee439-43a7-3682-89a0-253441c77ab8');
INSERT INTO ACCOUNT_TRANSACTIONS VALUES ('100002614', '4f447504-9e3f-370a-8ec8-4cff075d2c2a');
INSERT INTO ACCOUNT_TRANSACTIONS VALUES ('100004228', 'eff0e58a-d0aa-350e-beab-cee6d0af5a7f');
INSERT INTO ACCOUNT_TRANSACTIONS VALUES ('100004419', 'afde6bbd-7a08-3eef-b6cf-fbb0267d53c7');
INSERT INTO ACCOUNT_TRANSACTIONS VALUES ('100004759', 'e992b20f-6844-3576-acf8-642e1f0ab214');
INSERT INTO ACCOUNT_TRANSACTIONS VALUES ('100002739', '63aef1fd-237a-3950-a848-55382a783685');
INSERT INTO ACCOUNT_TRANSACTIONS VALUES ('100001170', '5f6017d3-9011-3e89-a35c-a6a640bbea0f');
INSERT INTO ACCOUNT_TRANSACTIONS VALUES ('100006014', '5c5478dd-0d70-389f-9bc4-38afd0ec9e81');
INSERT INTO ACCOUNT_TRANSACTIONS VALUES ('100001012', '37e47ffe-bc43-3d5d-a888-a74e74827a95');
INSERT INTO ACCOUNT_TRANSACTIONS VALUES ('100009613', '9396ae62-f2a9-35e2-bacc-e7983a0ca444');
INSERT INTO ACCOUNT_TRANSACTIONS VALUES ('100003679', '730a1d8d-1177-3c1c-95ab-4260d6d5eed2');
INSERT INTO ACCOUNT_TRANSACTIONS VALUES ('100003847', 'd35f71c9-cba8-3a46-a51b-fe9a32027ce1');
INSERT INTO ACCOUNT_TRANSACTIONS VALUES ('100006558', 'f036b493-6aed-33b6-8633-ba80d8285f13');
INSERT INTO ACCOUNT_TRANSACTIONS VALUES ('100001188', 'd7dceabb-73f2-3cfd-8777-af82b2ba9594');
INSERT INTO ACCOUNT_TRANSACTIONS VALUES ('100001842', '97b93ed2-d427-342d-b880-fb850b9f73ad');
INSERT INTO ACCOUNT_TRANSACTIONS VALUES ('100004937', 'd2c65ce9-8d23-38e8-bb98-0fecc0096127');
INSERT INTO ACCOUNT_TRANSACTIONS VALUES ('100003940', '3fb3f728-ffa8-389c-9db2-616c26ce1af9');
INSERT INTO ACCOUNT_TRANSACTIONS VALUES ('100007688', 'fbd9daf4-37df-38bd-8b6e-6f81cff1e2ca');
